"id","created_at","price","location","bedrooms","toilet","garage","lt","lb","listing_url","image_url","source"
"1","2025-11-20 08:45:52.905686+00","4200000000","Katulampa, Bogor","5","5","2.0","200.00","224.00","https://www.rumah123.com/properti/bogor-katulampa/rumah-mewah-2-lantai-di-exit-tol-bogor-selatan-view-pegunungan-hos40335526/","https://picture.rumah123.com/r123-images/720x420-crop/customer/1241358/527e7e4712ba0bc8738d6b14f2377824.jpg","rumah123"
"2","2025-11-20 08:45:52.905686+00","450000000","Bogor Barat, Bogor","2","1","1.0","66.00","33.00","https://www.rumah123.com/properti/bogor-bogor-selatan/rumah-siap-huni-di-bogor-cuma-400-jtan-lengkap-fasilitas-hos40328315/","https://picture.rumah123.com/r123-images/720x420-crop/customer/893380/b61eb48080589cf0c018bc8ec4c9ecd6.jpg","rumah123"
"3","2025-11-20 08:45:52.905686+00","700000000","Sukaraja, Bogor","2","1","1.0","84.00","42.00","https://www.rumah123.com/properti/bogor-sukaraja/rumah-rapi-dan-cantik-hos40369870/","https://picture.rumah123.com/r123-images/720x420-crop/customer/762319/3a987507f558bf8adae28ef836765d1f.jpg","rumah123"
"4","2025-11-20 08:45:52.905686+00","310000000","Parung, Bogor","2","1",,"135.00","50.00","https://www.rumah123.com/properti/bogor-parung/rumah-lt-135-hadap-utara-15-menit-ke-rs-pena-98-dibantu-kpr-j36598-hos40274197/","https://picture.rumah123.com/r123-images/720x420-crop/customer/1766297/8afecfd4d71b32ddb1d0e38a169bef55.jpg","rumah123"
"5","2025-11-20 08:45:52.905686+00","1830000000","Cilebut, Bogor","4","2",,"90.00","105.00","https://www.rumah123.com/properti/bogor-cilebut/rumah-7-menit-ke-rs-hermina-bogor-shm-2-lt-hadap-utara-j37382-hos40402019/","https://picture.rumah123.com/r123-images/720x420-crop/customer/1648106/bfcf674ef58da662d1d311dc8414c5c1.jpg","rumah123"
"6","2025-11-20 08:45:52.905686+00","7000000000","Sentul City, Bogor","4","3","1.0","270.00","298.00","https://www.rumah123.com/properti/bogor-sentul-city/dijual-rumah-mewah-3-lantai-posisi-hoek-siap-huni-view-pegunungan-di-summarecon-bogor-hos40421888/","https://picture.rumah123.com/r123-images/720x420-crop/customer/797322/27b01991f644e3a7bd04729cae5a85e4.jpg","rumah123"
"7","2025-11-20 08:45:52.905686+00","9800000000","Sentul City, Bogor","5","5","2.0","858.00","400.00","https://www.rumah123.com/properti/bogor-sentul-city/rumah-mewah-3-lantai-dengan-rooftop-backyard-luas-sentul-city-hos40188144/","https://picture.rumah123.com/r123-images/720x420-crop/customer/1656514/52c5674ae928b7957a4d6d89f3804296.jpg","rumah123"
"8","2025-11-20 08:45:52.905686+00","3700000000","Sentul City, Bogor","4","3","2.0","315.00","200.00","https://www.rumah123.com/properti/bogor-sentul-city/rumah-2lt-di-cluster-elite-sentul-city-lokasi-sangat-strategis-hos40533116/","https://picture.rumah123.com/r123-images/720x420-crop/customer/1656514/f35a03f43ab278a38a8cad484e9a376c.jpg","rumah123"
"9","2025-11-20 08:45:52.905686+00","2400000000","Kota Wisata, Bogor","3","3",,"144.00","150.00","https://www.rumah123.com/properti/bogor-kota-wisata/hunian-nyaman-dekat-sekolahan-sudah-rapih-siap-huni-hos40033123/","https://picture.rumah123.com/r123-images/720x420-crop/customer/1399923/4297cf0cc154da56ddea93ca1e0094cd.jpg","rumah123"
"10","2025-11-20 08:45:52.905686+00","2000000000","Kota Wisata, Bogor","3","2","1.0","72.00","89.00","https://www.rumah123.com/properti/bogor-kota-wisata/cluster-baru-kota-wisata-termurah-hanya-2-m-lokasi-strategis-hos40523269/","https://picture.rumah123.com/r123-images/720x420-crop/customer/2026542/b1cbc180a5720b48bbcdae5929fa8949.jpg","rumah123"
"11","2025-11-20 08:45:52.905686+00","590000000","Cibinong, Bogor","2","1",,"84.00","70.00","https://www.rumah123.com/properti/bogor-cibinong/rumah-minimalis-modern-15-menit-ke-terminal-cibinong-siap-kpr-j37040-hos40049748/","https://picture.rumah123.com/r123-images/720x420-crop/customer/1644397/39a27bb2aba2aed29438bb0a777dec41.jpg","rumah123"
"12","2025-11-20 08:45:52.905686+00","570000000","Cibinong, Bogor","3","2",,"60.00","60.00","https://www.rumah123.com/properti/bogor-cibinong/rumah-sudah-renov-shm-15-menit-ke-cibinong-city-mall-siap-huni-j29015-hos40176969/","https://picture.rumah123.com/r123-images/720x420-crop/customer/1945041/a072bdb44bae7dce3568c064b75df028.jpg","rumah123"
"13","2025-11-20 08:45:52.905686+00","760000000","Cibinong, Bogor","3","2",,"60.00","90.00","https://www.rumah123.com/properti/bogor-cibinong/rumah-15-menit-ke-stasiun-cilebut-shm-siap-huni-2-lt-j32994-hos39351207/","https://picture.rumah123.com/r123-images/720x420-crop/customer/1532436/0ed0e03b352ee8e940f6f154503c91a9.jpg","rumah123"
"14","2025-11-20 08:45:52.905686+00","1220000000","Gunung Sindur, Bogor","2","1",,"96.00","80.00","https://www.rumah123.com/properti/bogor-gunung-sindur/rumah-1-lt-strategis-10-menit-ke-rsu-hermina-serpong-bebas-banjir-j37067-hos40178448/","https://picture.rumah123.com/r123-images/720x420-crop/customer/1766297/9bd0aac52dea84497a945381f37b18ef.jpg","rumah123"
"15","2025-11-20 08:45:52.905686+00","670000000","Gunung Sindur, Bogor","2","1",,"99.00","42.00","https://www.rumah123.com/properti/bogor-gunung-sindur/rumah-lt-99-terawat-akses-dekat-rumah-sakit-pena-98-siap-huni-j32210-hos39791052/","https://picture.rumah123.com/r123-images/720x420-crop/customer/1644395/d593b850b1dda2c0b6b3c2ca1c32ed00.jpg","rumah123"
"16","2025-11-20 08:45:52.905686+00","680000000","Sentul City, Bogor","2","2",,"90.00","84.00","https://www.rumah123.com/properti/bogor-sentul-city/rumah-2-lt-siap-huni-17-menit-ke-gerbang-tol-sentul-barat-j38162-hos40274190/","https://picture.rumah123.com/r123-images/720x420-crop/customer/1945041/cdc128484b102b16586b7c004600cf67.jpg","rumah123"
"17","2025-11-20 08:45:52.905686+00","560000000","Sentul City, Bogor","2","1",,"70.00","70.00","https://www.rumah123.com/properti/bogor-sentul-city/rumah-dp-ringan-dekat-sentul-15-menit-ke-stasiun-dan-terminal-bisa-kpr-j35452-hos39773773/","https://picture.rumah123.com/r123-images/720x420-crop/customer/1694380/da7c88ed6c604bbb1d9dec3a7feb2f22.jpg","rumah123"
"18","2025-11-20 08:45:52.905686+00","1660000000","Sentul City, Bogor","4","2",,"144.00","100.00","https://www.rumah123.com/properti/bogor-sentul-city/rumah-strategis-10-menit-ke-gerbang-tol-sentul-barat-2-lt-siap-huni-j30737-hos39786099/","https://picture.rumah123.com/r123-images/720x420-crop/customer/1694380/bf5bae3df409f02ed3f20af30e3b96ce.jpg","rumah123"
"19","2025-11-20 08:45:52.905686+00","630000000","Kota Wisata, Bogor","2","1",,"72.00","45.00","https://www.rumah123.com/properti/bogor-kota-wisata/rumah-6-menit-ke-mall-ciputra-cibubur-shm-dibantu-kpr-j36177-hos40178203/","https://picture.rumah123.com/r123-images/720x420-crop/customer/1324008/b1917d956b0af67b90f6dbdcc8e1b446.jpg","rumah123"
"20","2025-11-20 08:45:52.905686+00","590000000","Sentul City, Bogor","2","1",,"84.00","70.00","https://www.rumah123.com/properti/bogor-sentul-city/rumah-10-menit-ke-cibinong-city-center-shm-siap-huni-dibantu-kpr-j37040-hos40178626/","https://picture.rumah123.com/r123-images/720x420-crop/customer/1848290/39a27bb2aba2aed29438bb0a777dec41.jpg","rumah123"
"21","2025-11-20 08:45:53.999989+00","2800000000","Cileungsi, Bogor","3","3","1.0","120.00","140.00","https://www.rumah123.com/properti/bogor-cileungsi/jual-rumah-luas-elit-2-lantai-dekat-akses-tol-dan-lrt-hos39894250/","https://www.rumah123.com/asset-core/images/official-project.png","rumah123"
"22","2025-11-20 08:45:53.999989+00","1180000000","Cibubur, Bogor","3","2","1.0","127.00","160.00","https://www.rumah123.com/properti/bogor-cibubur/rumah-jual-cepat-2-lantai-di-custer-bukit-golf-cibubur-hos40477517/","https://picture.rumah123.com/r123-images/720x420-crop/customer/4412945/b1ed235af760a9cd2e0be8f5bc6e14ed.jpg","rumah123"
"23","2025-11-20 08:45:53.999989+00","112000000","Bojong Gede, Bogor","2","1",,"158.00","100.00","https://www.rumah123.com/properti/bogor-bojong-gede/rumah-murah-di-daerah-bojong-gede-bogor-hos39388387/","https://picture.rumah123.com/r123-images/720x420-crop/customer/4361836/bcdc6edd907d98ff26a6b903a70a0467.jpg","rumah123"
"24","2025-11-20 08:45:53.999989+00","500000000","Gunung Putri, Bogor","2","1","1.0","60.00","60.00","https://www.rumah123.com/properti/bogor-gunung-putri/rumah-full-renov-strategis-dekat-perbelanjaan-taman-kolam-renang-hos40356605/","https://picture.rumah123.com/r123-images/720x420-crop/customer/4402649/97f74a2532731fe52daa65f430113c6e.jpg","rumah123"
"25","2025-11-20 08:45:53.999989+00","1000000000","Sentul City, Bogor","3","2","1.0","60.00","60.00","https://www.rumah123.com/properti/bogor-sentul/rumah-sejuk-3kt-semifurnished-view-taman-depan-tol-sentul-hos40171445/","https://picture.rumah123.com/r123-images/720x420-crop/customer/4402649/2971e468e1883fe93ebeb9687ce16ffc.jpg","rumah123"
"26","2025-11-20 08:45:53.999989+00","2000000000","Kota Wisata, Bogor","3","2","1.0","72.00","89.00","https://www.rumah123.com/properti/bogor-kota-wisata/cluster-baru-kota-wisata-termurah-hanya-2-m-lokasi-strategis-hos40523269/","https://picture.rumah123.com/r123-images/720x420-crop/customer/2026542/b1cbc180a5720b48bbcdae5929fa8949.jpg","rumah123"
"27","2025-11-20 08:45:53.999989+00","1350000000","Cibinong, Bogor","2","1",,"181.00","65.00","https://www.rumah123.com/properti/bogor-cibinong/rumah-di-cibinong-2-kamar-ada-taman-dekat-ccm-hos39431676/","https://picture.rumah123.com/r123-images/720x420-crop/customer/1629443/ac95b796cd84f72fbe8f5066312a0108.jpg","rumah123"
"28","2025-11-20 08:45:53.999989+00","560000000","Bogor Timur, Bogor","2","1",,"60.00","42.00","https://www.rumah123.com/properti/bogor-bogor-timur/rumah-hadap-utara-16-menit-ke-boxies-123-mall-dibantu-kpr-j33949-hos39955069/","https://picture.rumah123.com/r123-images/720x420-crop/customer/1964403/4213e349d0aef02debe73cfc305338c9.jpg","rumah123"
"29","2025-11-20 08:45:53.999989+00","3870000000","Gunung Sindur, Bogor","3","3",,"194.00","150.00","https://www.rumah123.com/properti/bogor-gunung-sindur/rumah-lb-150-hadap-timur-12-menit-ke-mall-paradise-walk-serpong-j36660-hos40397073/","https://picture.rumah123.com/r123-images/720x420-crop/customer/1766297/e4b07c6b4a9c4e016b0e6b597dca6cea.jpg","rumah123"
"30","2025-11-20 08:45:53.999989+00","170000000","Tamansari, Bogor","2","1",,"60.00","40.00","https://www.rumah123.com/properti/bogor-tamansari/rumah-siap-huni-di-bogor-10-menit-ke-faskes-shm-bebas-banjir-j35928-hos40422331/","https://picture.rumah123.com/r123-images/720x420-crop/customer/1644395/63541aa926b1b71a384840453689bee4.jpg","rumah123"
"31","2025-11-20 08:45:53.999989+00","960000000","Jonggol, Bogor","2","1",,"150.00","150.00","https://www.rumah123.com/properti/bogor-jonggol/rumah-hadap-selatan-lt-150-shm-5-menit-ke-terminal-cileungsi-j37957-hos40405371/","https://picture.rumah123.com/r123-images/720x420-crop/customer/1766296/e1b0e957beed9025583cf9bd14fde1b0.jpg","rumah123"
"32","2025-11-20 08:45:53.999989+00","20000000000","Summarecon Bogor, Bogor","4","6","2.0",,"790.00","https://www.rumah123.com/properti/bogor-summarecon-bogor/for-sale-private-designed-house-at-rosewood-golf-residencesummarecon-bogor-hos38855870/","https://picture.rumah123.com/r123-images/720x420-crop/customer/1486567/b67d943be62451be3e0326b456b2da71.jpg","rumah123"
"33","2025-11-20 08:45:53.999989+00","1650000000","Legenda Wisata, Bogor","3","2","1.0","152.00","152.00","https://www.rumah123.com/properti/bogor-legenda-wisata/dijual-murah-rumah-mewah-siap-huni-di-legenda-wisata-cibubur-hos40045018/","https://picture.rumah123.com/r123-images/720x420-crop/customer/2073695/cd50be7e29e47059d622d23ef854b90d.jpg","rumah123"
"34","2025-11-20 08:45:53.999989+00","610000000","Parung Panjang, Bogor","2","1",,"72.00",,"https://www.rumah123.com/properti/bogor-parung-panjang/rumah-shm-minimalis-dekat-stasiun-parung-panjang-1-lt-siap-kpr-j36108-hos40422358/","https://picture.rumah123.com/r123-images/720x420-crop/customer/1532436/cc134212473026bc3d381bd17c905598.jpg","rumah123"
"35","2025-11-20 08:45:53.999989+00","4200000000","Katulampa, Bogor","5","5","2.0","200.00","224.00","https://www.rumah123.com/properti/bogor-katulampa/rumah-mewah-2-lantai-di-exit-tol-bogor-selatan-view-pegunungan-hos40335526/","https://picture.rumah123.com/r123-images/720x420-crop/customer/1241358/527e7e4712ba0bc8738d6b14f2377824.jpg","rumah123"
"36","2025-11-20 08:45:53.999989+00","7500000000","Tanah Sareal, Bogor","4","3","2.0","651.00","420.00","https://www.rumah123.com/properti/bogor-tanah-sareal/rumah-2-lantai-shm-lokasi-di-tengah-kota-bogor-siap-huni-hos10771336/","https://picture.rumah123.com/r123-images/720x420-crop/customer/1707012/a4da5ca742a18f55936370975b9dc271.jpg","rumah123"
"37","2025-11-20 08:45:53.999989+00","5300000000","Sentul, Bogor","6","3","2.0","442.00","332.00","https://www.rumah123.com/properti/bogor-sentul/rumah-best-view-golf-dan-mountain-di-cluster-elite-sentul-city-hos39688077/","https://picture.rumah123.com/r123-images/720x420-crop/customer/23652/ca57672e6db1d62a0b408b316c1abcd0.jpg","rumah123"
"38","2025-11-20 08:45:53.999989+00","450000000","Bogor Barat, Bogor","2","1","1.0","66.00","33.00","https://www.rumah123.com/properti/bogor-bogor-selatan/rumah-siap-huni-di-bogor-cuma-400-jtan-lengkap-fasilitas-hos40328315/","https://picture.rumah123.com/r123-images/720x420-crop/customer/893380/b61eb48080589cf0c018bc8ec4c9ecd6.jpg","rumah123"
"39","2025-11-20 08:45:53.999989+00","1000000000","Pamoyanan, Bogor","3","3","2.0","120.00","120.00","https://www.rumah123.com/properti/bogor-pamoyanan/jual-rumah-di-cluster-pamoyanan-townhouse-murah-hos40356518/","https://picture.rumah123.com/r123-images/720x420-crop/customer/1826483/c6624afa41eff4d2c2f2dcf916ac4ae4.jpg","rumah123"
"40","2025-11-20 08:45:53.999989+00","700000000","Sukaraja, Bogor","2","1","1.0","84.00","42.00","https://www.rumah123.com/properti/bogor-sukaraja/rumah-rapi-dan-cantik-hos40369870/","https://picture.rumah123.com/r123-images/720x420-crop/customer/762319/3a987507f558bf8adae28ef836765d1f.jpg","rumah123"
"41","2025-11-20 08:45:54.963683+00","3500000000","Jelambar, Jakarta Barat","5","6","2.0","3.50","175.00","https://www.rumah123.com/properti/jakarta-barat-jelambar/rumah-baru-35lt-bebas-banjir-kavling-polri-jelambar-jakarta-barat-hos40087164/","https://picture.rumah123.com/r123-images/720x420-crop/customer/1751694/ef5da14d947a558893c3690d5c58d389.jpg","rumah123"
"42","2025-11-20 08:45:54.963683+00","9200000000","Kebayoran Lama, Jakarta Selatan","6","6","2.0","423.00","510.00","https://www.rumah123.com/properti/jakarta-selatan-kebayoran-lama/rumah-hoek-mewah-dengan-basement-dan-kolam-renang-kebayoran-lama-jakarta-selatan-hos39196570/","https://picture.rumah123.com/r123-images/720x420-crop/customer/1751694/e82d4fab6a75baa87e5a838ecda82075.jpg","rumah123"
"43","2025-11-20 08:45:54.963683+00","1700000000","Duri Kepa, Jakarta Barat","3","2","1.0","51.00","95.00","https://www.rumah123.com/properti/jakarta-barat-duri-kepa/rumah-estetik-kembali-viral-duri-kepa-dekat-tanjung-duren-jakarta-barat-hos39109515/","https://picture.rumah123.com/r123-images/720x420-crop/customer/1751694/ba7b72a546397fcdd1fab72208b60330.jpg","rumah123"
"44","2025-11-20 08:45:54.963683+00","1550000000","Kedoya, Jakarta Barat","4","4","1.0","36.00","150.00","https://www.rumah123.com/properti/jakarta-barat-kedoya/minim-dp-rumah-baru-furnish-35-lantai-kedoya-jakarta-barat-hos39124262/","https://picture.rumah123.com/r123-images/720x420-crop/customer/1751694/2a2a416687b29522054ba1256addb497.jpg","rumah123"
"45","2025-11-20 08:45:54.963683+00","2100000000","Tanjung Duren, Jakarta Barat","3","3","1.0",,"100.00","https://www.rumah123.com/properti/jakarta-barat-tanjung-duren/rumah-cakep-3lt-bebas-banjir-row-2mobil-tanjung-duren-selatan-jakarta-barat-hos40373350/","https://picture.rumah123.com/r123-images/720x420-crop/customer/1751694/bc513ccf50dc4a9767ab58778b2d0858.jpg","rumah123"
"46","2025-11-20 08:45:54.963683+00","6900000000","Senopati, Jakarta Selatan","4","4","1.0","76.00","375.00","https://www.rumah123.com/properti/jakarta-selatan-senopati/for-sale-rumah-mewah-4-lantai-kondisi-baru-di-selangkah-ke-scbd-jarang-ada-hos39652298/","https://www.rumah123.com/asset-core/images/official-project.png","rumah123"
"47","2025-11-20 08:45:54.963683+00","851000000","Percetakan Negara, Jakarta Pusat","2","2","1.0","25.00","49.00","https://www.rumah123.com/properti/jakarta-pusat-percetakan-negara/di-jual-cepat-rumah-murah-dekat-kantor-bpom-percetakannegara-hos39987346/","https://picture.rumah123.com/r123-images/720x420-crop/customer/1972700/580a3eccf7bf9a542fbc96f9acdcf283.jpg","rumah123"
"48","2025-11-20 08:45:54.963683+00","1580000000","Cempaka Putih, Jakarta Pusat","3","3","1.0","45.00","78.00","https://www.rumah123.com/properti/jakarta-pusat-cempaka-putih/rumahdijual-dikawasan-cempaka-putihdekat-rs-islam-hos40164430/","https://picture.rumah123.com/r123-images/720x420-crop/customer/1972700/b42055e0671b416cb2c3c2364c23b7d2.jpg","rumah123"
"49","2025-11-20 08:45:54.963683+00","11900000000","Lebak Bulus, Jakarta Selatan","4","3","2.0","446.00","500.00","https://www.rumah123.com/properti/jakarta-selatan-lebak-bulus/rumah-cantik-siap-huni-shm-di-lebak-bulus-hos40289209/","https://picture.rumah123.com/r123-images/720x420-crop/customer/49909/a1f761e60de307f22c55c198ac8dbc30.jpg","rumah123"
"50","2025-11-20 08:45:54.963683+00","1600000000","Cibubur, Jakarta Timur","3","2","1.0","72.00","82.00","https://www.rumah123.com/properti/jakarta-timur-cibubur/rumah-2-lantai-modern-mewah-ada-sekolah-rs-mall-dalam-kawasan-hos39976934/","https://www.rumah123.com/asset-core/images/official-project.png","rumah123"
"51","2025-11-20 08:45:54.963683+00","1430000000","Pesanggrahan, Jakarta Selatan","4","3","2.0","180.00","227.00","https://www.rumah123.com/properti/jakarta-selatan-pesanggrahan/rumah-bagus-di-daerah-jakarta-selatan-nan-asri-hos40285494/","https://picture.rumah123.com/r123-images/720x420-crop/customer/906225/8dae2b00cf02bdc918906708d28e41ed.jpg","rumah123"
"52","2025-11-20 08:45:54.963683+00","6900000000","Menteng, Jakarta Pusat","4","4","2.0","76.00","375.00","https://www.rumah123.com/properti/jakarta-pusat-menteng/for-sale-rumah-mewah-kondisi-baru-4-lantai-di-pusat-jakarta-jarang-ada-hos39637545/","https://www.rumah123.com/asset-core/images/official-project.png","rumah123"
"53","2025-11-20 08:45:54.963683+00","24000000000","Kebayoran Baru, Jakarta Selatan","6","3","1.0","400.00","300.00","https://www.rumah123.com/properti/jakarta-selatan-kebayoran-baru/dijual-rumah-lingkungan-asri-elit-lokasi-strategis-kebayoran-baru-murah-hos38975013/","https://picture.rumah123.com/r123-images/720x420-crop/customer/1905385/19d63f2da820075ad1e60b7908f8a04a.jpg","rumah123"
"54","2025-11-20 08:45:54.963683+00","5000000000","Pluit, Jakarta Utara","4","4","1.0","169.00","270.00","https://www.rumah123.com/properti/jakarta-utara-pantai-mutiara/rumah-mutiara-mediterania-pantai-mutiara-hoek-siap-huni-hos17430050/","https://picture.rumah123.com/r123-images/720x420-crop/customer/1190188/2024-06-24-10-23-05-c5da99bd-b685-42e3-89d2-28ec425a7286.jpg","rumah123"
"55","2025-11-20 08:45:54.963683+00","16000000000","Sektor 1 - Bintaro, Jakarta Selatan","8","5","7.0","500.00","263.00","https://www.rumah123.com/properti/jakarta-selatan-pesanggrahan/jual-rugi-rumah-di-pondok-indah-bonus-furnished-jakarta-selatan-dekat-tol-hos19051710/","https://picture.rumah123.com/r123-images/720x420-crop/customer/2150515/87da5043d946b8353521e36840b2c06e.jpg","rumah123"
"56","2025-11-20 08:45:54.963683+00","2550000000","Jakarta Garden City, Jakarta Timur","3","2",,"84.00","87.00","https://www.rumah123.com/properti/jakarta-timur-jakarta-garden-city/dijual-cepat-rumah-asya-cluster-sentarum-jgc-hos40529220/","https://picture.rumah123.com/r123-images/720x420-crop/customer/1898808/24a9d2be4d897e1c6a6d93395a78ce70.jpg","rumah123"
"57","2025-11-20 08:45:54.963683+00","1300000000","Antasari, Jakarta Selatan","3","2","1.0","60.00","60.00","https://www.rumah123.com/properti/jakarta-selatan-antasari/rumah-baru-2-lantai-hanya-3-menit-ke-tol-desari-hos39838530/","https://www.rumah123.com/asset-core/images/official-project.png","rumah123"
"58","2025-11-20 08:45:54.963683+00","2400000000","Raffles Hills, Jakarta Timur","3","2","1.0","119.00","148.00","https://www.rumah123.com/properti/jakarta-timur-raffles-hills/hunian-cantik-lokasi-strategis-di-raffles-hills-cibubur-hos40479232/","https://picture.rumah123.com/r123-images/720x420-crop/customer/1399923/a0e2195b0b1baeadb7ffd763a64c3bc4.jpg","rumah123"
"59","2025-11-20 08:45:54.963683+00","7600000000","Fatmawati, Jakarta Selatan","4","4","2.0","325.00","325.00","https://www.rumah123.com/properti/jakarta-selatan-fatmawati/dijual-rumah-lokasi-strategis-dkt-mrt-cipete-raya-jakarta-selatan-hos16527790/","https://picture.rumah123.com/r123-images/720x420-crop/customer/807310/e7866736d88c08cdbf321b5341c6c014.jpg","rumah123"
"60","2025-11-20 08:45:54.963683+00","14800000000","Ragunan, Jakarta Selatan","5","5","5.0",,,"https://www.rumah123.com/properti/jakarta-selatan-ragunan/dijual-cepat-rumah-siap-huni-ragunan-jakarta-selatan-hos15195996/","https://picture.rumah123.com/r123-images/720x420-crop/customer/807310/2023-10-21-00-56-45-461e7d2a-3904-4560-a666-6d03cf0c36fe.jpg","rumah123"
"61","2025-11-20 08:45:55.865671+00","10900000000","Bintaro, Jakarta Selatan","5","4","3.0","867.00","584.00","https://www.rumah123.com/properti/jakarta-selatan-bintaro/rumah-taman-huk-2-lantai-luas-867-m-siap-huni-di-cempaka-bintaro-pesanggrahan-jakarta-selatan-hos40252757/","https://picture.rumah123.com/r123-images/720x420-crop/customer/1653937/b4419c2db1f3cd3095f0133e609e1bed.jpg","rumah123"
"62","2025-11-20 08:45:55.865671+00","15000000000","Permata Buana, Jakarta Barat","3","4",,"400.00","500.00","https://www.rumah123.com/properti/jakarta-barat-permata-buana/rumah-hook-mewah-taman-permata-buana-minimalis-tropis-400m2-hos18113161/","https://picture.rumah123.com/r123-images/720x420-crop/customer/1493860/627f4bf1e1153b4f2653e2bdca68f67c.jpg","rumah123"
"63","2025-11-20 08:45:55.865671+00","2950000000","Joglo, Jakarta Barat","3","3","2.0","100.00","200.00","https://www.rumah123.com/properti/jakarta-barat-joglo/dijual-rumah-brand-new-modern-lokasi-strategis-dekat-tol-jorr-hos40504676/","https://picture.rumah123.com/r123-images/720x420-crop/customer/1160536/5b4da597d28d4a0fac9bb0132647e8d9.png","rumah123"
"64","2025-11-20 08:45:55.865671+00","11000000000","Pantai Indah Kapuk 2, Jakarta Utara","5","5",,"250.00","330.00","https://www.rumah123.com/properti/jakarta-utara-pantai-indah-kapuk-2/rumah-brand-new-pantai-indah-kapuk-2-luas-250m2-view-danau-hos40533075/","https://picture.rumah123.com/r123-images/720x420-crop/customer/1053953/864cc7cc93107e55cbc0ca4f0de86120.jpg","rumah123"
"65","2025-11-20 08:45:55.865671+00","1300000000","Cipayung, Jakarta Timur","2","2","1.0","60.00","54.00","https://www.rumah123.com/properti/jakarta-timur-cipayung/dijual-rumah-bagus-nyaman-2-lantai-di-jaktim-hos39834403/","https://picture.rumah123.com/r123-images/720x420-crop/customer/2026543/cc8f9207cd8cab7e1229eeb736aa4985.jpg","rumah123"
"66","2025-11-20 08:45:55.865671+00","2500000000","Cakung, Jakarta Timur","4","3","1.0","200.00","200.00","https://www.rumah123.com/properti/jakarta-timur-cakung/rumah-di-taman-modern-cakung-3-lantai-354m2-shm-hos19053360/","https://picture.rumah123.com/r123-images/720x420-crop/customer/1345965/71fe42c1040035c24d82596b401084f7.jpg","rumah123"
"67","2025-11-20 08:45:55.865671+00","6750000000","Sunrise Garden, Jakarta Barat","4","2","2.0","375.00","400.00","https://www.rumah123.com/properti/jakarta-barat-sunrise-garden/rumah-2-lantai-di-sunrise-garden-jakarta-barat-bebas-banjir-hos14949893/","https://picture.rumah123.com/r123-images/720x420-crop/customer/1493860/2023-09-29-07-11-03-2e8a5859-5cae-469d-aad3-62672a70348c.jpg","rumah123"
"68","2025-11-20 08:45:55.865671+00","2250000000","Green Lake City, Jakarta Barat","3","3","1.0","90.00","132.00","https://www.rumah123.com/properti/jakarta-barat-green-lake-city/jual-cepat-rumah-green-lake-cluster-australia-hos40481112/","https://picture.rumah123.com/r123-images/720x420-crop/customer/4388384/26ac56d8650a144ff31c9d1458331dd1.jpg","rumah123"
"69","2025-11-20 08:45:55.865671+00","4000000000","Kelapa Gading, Jakarta Utara","14","7","2.0","162.00","300.00","https://www.rumah123.com/properti/jakarta-utara-kelapa-gading/beli-properti-ini-cuan-240jutatahun-dijual-rumah-kos-14pintu-di-kelapa-gading-hos40519191/","https://picture.rumah123.com/r123-images/720x420-crop/customer/53422/b07e0ab899f5bbbb3b2ffbc5d714f2bc.jpg","rumah123"
"70","2025-11-20 08:45:55.865671+00","40000000000","Pondok Indah, Jakarta Selatan","5","5",,"820.00","820.00","https://www.rumah123.com/properti/jakarta-selatan-pondok-indah/pondok-indah-best-invest-mewah-dekat-pim-hos40510771/","https://picture.rumah123.com/r123-images/720x420-crop/customer/4412250/3b15b48f31d1304026f8e8f9b3a5b41e.jpg","rumah123"
"71","2025-11-20 08:45:55.865671+00","28000000000","Pasar Minggu, Jakarta Selatan","7","5","4.0","1075.00","1075.00","https://www.rumah123.com/properti/jakarta-selatan-pasar-minggu/dijual-cepat-rumah-mewah-di-kemang-pasar-minggu-fully-furnish-shm-hos40397769/","https://picture.rumah123.com/r123-images/720x420-crop/customer/1963493/b953c9b65c1329eb2d286ea93e7f7561.jpg","rumah123"
"72","2025-11-20 08:45:55.865671+00","4600000000","Meruya, Jakarta Barat","4","4","2.0","250.00","290.00","https://www.rumah123.com/properti/jakarta-barat-meruya/tropical-house-semi-furnish-di-meruya-lokasi-bagus-dan-akses-mudah-hos39900601/","https://picture.rumah123.com/r123-images/720x420-crop/customer/11511/c6cac324578b41d022da92858449feed.jpg","rumah123"
"73","2025-11-20 08:45:55.865671+00","2200000000","Sunter, Jakarta Utara","3","2","1.0","50.00","38.00","https://www.rumah123.com/properti/jakarta-utara-sunter/rumah-sunter-minimalis-di-jual-hos40518071/","https://picture.rumah123.com/r123-images/720x420-crop/customer/4402929/7ce4cbb968ca163dbfb5f4d1b3e7671d.jpg","rumah123"
"74","2025-11-20 08:45:55.865671+00","4600000000","Rawamangun, Jakarta Timur","5","4","2.0","112.00","156.00","https://www.rumah123.com/properti/jakarta-timur-rawamangun/rumah-3-lantai-elit-fasilitas-lengkap-di-jakarta-timur-hos40315207/","https://picture.rumah123.com/r123-images/720x420-crop/customer/2026543/f6e861a7d605642c6eee33ea2aece3c2.jpg","rumah123"
"75","2025-11-20 08:45:55.865671+00","1450000000","Tomang, Jakarta Barat","3","3","1.0","45.00","84.00","https://www.rumah123.com/properti/jakarta-barat-tomang/rumah-murah-siap-huni-tomang-utara-jakarta-barat-hos15017423/","https://picture.rumah123.com/r123-images/720x420-crop/customer/16785/2024-06-06-07-22-19-1f49e5f1-e0cf-4ba5-ac36-5e036aa2ea3e.jpg","rumah123"
"76","2025-11-20 08:45:55.865671+00","3300000000","Metland Puri, Jakarta Barat","3","3","2.0","120.00","131.00","https://www.rumah123.com/properti/jakarta-barat-metland-puri/temurah-rumah-the-riviera-puri-8x15-high-ceiling-shm-fasilitas-lengkap-hos40314709/","https://picture.rumah123.com/r123-images/720x420-crop/customer/2153832/2586179150275ca8738948c8585e3358.jpg","rumah123"
"77","2025-11-20 08:45:55.865671+00","5400000000","Pondok Kelapa, Jakarta Timur","5","5","2.0","105.00","180.00","https://www.rumah123.com/properti/jakarta-timur-pondok-kelapa/rumah-eksklusif-luas-di-jakarta-bebas-banjir-siap-huni-5kt-5km-hos40393419/","https://picture.rumah123.com/r123-images/720x420-crop/customer/2026543/c2a01fe7cf776a83931531f21b15ad6d.png","rumah123"
"78","2025-11-20 08:45:55.865671+00","1950000000","Daan Mogot, Jakarta Barat","2","2","2.0","90.00","6.00","https://www.rumah123.com/properti/jakarta-barat-daan-mogot/rumah-kintamani-daan-mogot-baru-shm-25-lantai-semi-furnished-hos40320689/","https://picture.rumah123.com/r123-images/720x420-crop/customer/65423/358c24c245f6babd4fdd48e9c7b46d5b.png","rumah123"
"79","2025-11-20 08:45:55.865671+00","2900000000","Jagakarsa, Jakarta Selatan","5","6","2.0","98.00","220.00","https://www.rumah123.com/properti/jakarta-selatan-jagakarsa/rumah-3-lantai-siap-huni-jagakarsa-jakarta-selatan-hos39528516/","https://picture.rumah123.com/r123-images/720x420-crop/customer/2102096/8aacf35b85f1b5021173261a65312086.jpg","rumah123"
"80","2025-11-20 08:45:55.865671+00","9500000000","Cipete, Jakarta Selatan","5","4","2.0","385.00","350.00","https://www.rumah123.com/properti/jakarta-selatan-cipete/rumah-cipete-cilandak-lt-385m2-lb-350m2-shm-hadap-utara-hos40530902/","https://picture.rumah123.com/r123-images/720x420-crop/customer/65423/c2d7a5d1f8dc6bf902cda86a9952b2fa.png","rumah123"
"81","2025-11-20 08:45:56.798604+00","700000000","Pancoran Mas, Depok","3","2","1.0","60.00","55.00","https://www.rumah123.com/properti/depok-pancoran-mas/rumah-furnished-murah-di-pancoran-mas-akses-900-meter-ke-tol-hos38949480/","https://picture.rumah123.com/r123-images/720x420-crop/customer/1317802/e9cdc926b44931732e80c9bbfc1ee7e2.jpg","rumah123"
"82","2025-11-20 08:45:56.798604+00","1390000000","Beji, Depok","3","3","1.0","70.00","85.00","https://www.rumah123.com/properti/depok-beji/rumah-modern-siap-huni-di-beji-dekat-pintu-tol-kukusan-depok-hos19419285/","https://picture.rumah123.com/r123-images/720x420-crop/customer/1317802/5c3ba7474a359711cca54aea877640a0.jpg","rumah123"
"83","2025-11-20 08:45:56.798604+00","900000000","Limo, Depok","4","3","2.0","72.00","130.00","https://www.rumah123.com/properti/depok-limo/rumah-modern-furnished-rooftop-cozy-akses-dekat-tol-depok-hos19381259/","https://picture.rumah123.com/r123-images/720x420-crop/customer/1317802/566251cbb467b337887a0958e6015d99.jpg","rumah123"
"84","2025-11-20 08:45:56.798604+00","1100000000","Cilodong, Depok","3","3","2.0","90.00","100.00","https://www.rumah123.com/properti/depok-cilodong/rumah-2-carport-mobil-di-grand-depok-city-cilodong-hos40370077/","https://picture.rumah123.com/r123-images/720x420-crop/customer/1488187/5c514a1d539f3c7e394e9772ba691cb3.jpg","rumah123"
"85","2025-11-20 08:45:56.798604+00","500000000","Sawangan, Depok","2","1",,"72.00","72.00","https://www.rumah123.com/properti/depok-sawangan/rumah-minimalis-10-menit-ke-terminal-sawangan-1-lantai-bisa-kpr-j38125-hos40331431/","https://picture.rumah123.com/r123-images/720x420-crop/customer/1749406/c86872ac99ad16ec91ad01ee66eec9bc.jpg","rumah123"
"86","2025-11-20 08:45:56.798604+00","1770000000","Cinere, Depok","5","4",,"111.00","135.00","https://www.rumah123.com/properti/depok-cinere/rumah-5-kamar-tidur-shm-5-menit-ke-living-plaza-cinere-j37653-hos40196536/","https://picture.rumah123.com/r123-images/720x420-crop/customer/1945041/210d0a8a3809d440932061349e426222.jpg","rumah123"
"87","2025-11-20 08:45:56.798604+00","1880000000","Bojong Sari, Depok","2","2",,"144.00","81.00","https://www.rumah123.com/properti/depok-bojong-sari/rumah-hook-idaman-9-menit-ke-rsu-brawijaya-sawangan-siap-huni-j36046-hos40422330/","https://picture.rumah123.com/r123-images/720x420-crop/customer/1324008/c789618f5bdf5feb55b4a95938274ec4.jpg","rumah123"
"88","2025-11-20 08:45:56.798604+00","1330000000","Cipayung, Depok","3","2",,"119.00","69.00","https://www.rumah123.com/properti/depok-cipayung/rumah-lt-119-shm-hadap-timur-15-menit-ke-stasiun-citayam-siap-huni-j37279-hos40401976/","https://picture.rumah123.com/r123-images/720x420-crop/customer/1644395/0606811d5df5c00b5d2e8b84d50aadda.jpg","rumah123"
"89","2025-11-20 08:45:56.798604+00","2490000000","Cimanggis, Depok","4","3",,"180.00","230.00","https://www.rumah123.com/properti/depok-cimanggis/rumah-2-lt-shm-12-menit-ke-cibubur-junction-dibantu-kpr-j36689-hos40397085/","https://picture.rumah123.com/r123-images/720x420-crop/customer/1945041/5c24432174931236bb590643582f3b26.jpg","rumah123"
"90","2025-11-20 08:45:56.798604+00","820000000","Sukmajaya, Depok","2","1",,"96.00","96.00","https://www.rumah123.com/properti/depok-sukmajaya/rumah-lt-96-baru-renov-9-menit-ke-stasiun-depok-bebas-banjir-j31471-hos40397515/","https://picture.rumah123.com/r123-images/720x420-crop/customer/1532436/237c1334ec22206450162293974cf800.jpg","rumah123"
"91","2025-11-20 08:45:56.798604+00","1240000000","Citayam, Depok","4","2",,"75.00","100.00","https://www.rumah123.com/properti/depok-citayam/rumah-2-lt-shm-9-menit-ke-rs-permata-depok-dibantu-kpr-j38095-hos40405491/","https://picture.rumah123.com/r123-images/720x420-crop/customer/1766296/aa72a9c4e3248cef83a09c31886e16ea.jpg","rumah123"
"92","2025-11-20 08:45:56.798604+00","1880000000","Tapos, Depok","3","2",,"96.00","92.00","https://www.rumah123.com/properti/depok-tapos/rumah-10-menit-ke-gerbang-tol-cimanggis-1-shm-dibantu-kpr-j37709-hos40402230/","https://picture.rumah123.com/r123-images/720x420-crop/customer/1532436/9c13794167dd9bd76b2570fd3c5933d2.jpg","rumah123"
"93","2025-11-20 08:45:56.798604+00","7500000000","Harjamukti, Depok","4","4","5.0","617.00","360.00","https://www.rumah123.com/properti/depok-harjamukti/rumah-hook-2-lantai-siap-huni-mewah-strategis-dekat-tol-jagorawi-cijago-lrt-harjamukti-hunian-nyaman-sekaligus-hos40456560/","https://picture.rumah123.com/r123-images/720x420-crop/customer/2073695/3e7bb00e182d77b91773ca8ed3d29eaa.jpg","rumah123"
"94","2025-11-20 08:45:56.798604+00","4850000000","Depok I, Depok","4","3","2.0","155.00","150.00","https://www.rumah123.com/properti/depok-depok-i/turun-harga-rumah-samping-tol-andara-green-andara-residences-depok-hos40379189/","https://picture.rumah123.com/r123-images/720x420-crop/customer/56874/75419fb4563c92956e8c5ca04db0faf6.jpg","rumah123"
"95","2025-11-20 08:45:56.798604+00","1700000000","Tanah Baru, Depok","3","3","1.0","110.00","180.00","https://www.rumah123.com/properti/depok-tanah-baru/rumah-modernminimalisdan-asri-hos18055326/","https://picture.rumah123.com/r123-images/720x420-crop/customer/41354/740693dd38224757a8d02d9fa0892c70.jpg","rumah123"
"96","2025-11-20 08:45:56.798604+00","900000000","Kelapa Dua, Depok","3","2","1.0","58.00","72.00","https://www.rumah123.com/properti/depok-kelapa-dua/rumah-2-lantai-siap-huni-deket-rs-bhayangkara-brimob-stasiun-ui-hos17775615/","https://picture.rumah123.com/r123-images/720x420-crop/customer/1265853/e53fd4c3edf80f5eab7ba4f4ebd71a96.jpg","rumah123"
"97","2025-11-20 08:45:56.798604+00","345000000","Cinangka, Depok","2","1","1.0","55.00","36.00","https://www.rumah123.com/properti/depok-cinangka/cluster-1-lantai-spesifikasi-2-lantai-kota-depok-shm-hos39449931/","https://picture.rumah123.com/r123-images/720x420-crop/customer/1092376/dd6ea7a28cfae4a323bc7a600b2fbb04.jpg","rumah123"
"98","2025-11-20 08:45:56.798604+00","5800000000","Pangkalan Jati, Depok","5","5","1.0","489.00","2225.00","https://www.rumah123.com/properti/depok-pangkalan-jati/rumah-pangkalan-jati-mewah-dan-harga-bagus-hos19161383/","https://picture.rumah123.com/r123-images/720x420-crop/customer/1696829/81edea1aff6ad096c5b0b725d4a86f8a.jpg","rumah123"
"99","2025-11-20 08:45:56.798604+00","600000000","Depok II, Depok","2","1","1.0","60.00","50.00","https://www.rumah123.com/properti/depok-depok-ii/dijual-rumah-shm-bagus-di-jl-sabran-no-40-jl-sabran-pondok-petir-bojongsari-kota-depok-jawa-barat-indonesia-16517-depok-hos40369309/","https://picture.rumah123.com/r123-images/720x420-crop/customer/4411085/7afd9d7fd4f392c346720f558a159665.jpg","rumah123"
"100","2025-11-20 08:45:56.798604+00","550000000","Pancoran Mas, Depok","2","1","1.0","60.00","42.00","https://www.rumah123.com/properti/depok-pancoran-mas/rumah-murah-siap-huni-di-mampang-dekat-stasiun-kereta-depok-baru-hos39781811/","https://picture.rumah123.com/r123-images/720x420-crop/customer/1317802/2d45d83606e1bcdb254083535d5f087f.jpg","rumah123"
"101","2025-11-20 08:45:57.696631+00","2200000000","Gading Serpong, Tangerang","3","3","1.0","66.00","95.00","https://www.rumah123.com/properti/tangerang-gading-serpong/hunian-nyaman-2-lantai-kondisi-baru-strategis-dekat-sekolah-dan-mall-hos40219722/","https://www.rumah123.com/asset-core/images/official-project.png","rumah123"
"102","2025-11-20 08:45:57.696631+00","2000000000","BSD The Green, Tangerang","2","3","1.0","50.00","91.00","https://www.rumah123.com/properti/tangerang-bsd-the-green/rumah-kantor-modern-soho-3-lantai-dekat-stasiun-rawa-buntu-hos39370749/","https://www.rumah123.com/asset-core/images/official-project.png","rumah123"
"103","2025-11-20 08:45:57.696631+00","7750000000","Alam Sutera, Tangerang","5","4","2.0","502.00","502.00","https://www.rumah123.com/properti/tangerang-alam-sutera/hanya-hitung-tanah-depan-club-house-view-pool-sutera-renata-aruna-hos39837910/","https://picture.rumah123.com/r123-images/720x420-crop/customer/920480/200658c1ce4a3d2e8c597cb5c3cf27d1.jpg","rumah123"
"104","2025-11-20 08:45:57.696631+00","2750000000","Alam Sutera, Tangerang","4","3","2.0","250.00","160.00","https://www.rumah123.com/properti/tangerang-alam-sutera/murah-banget-hitung-tanah-saja-rumah-sutera-kirana-alam-sutera-hos40315821/","https://picture.rumah123.com/r123-images/720x420-crop/customer/920480/2d3f5b62ea27b46effa88b57141170a3.jpg","rumah123"
"105","2025-11-20 08:45:57.696631+00","1000000000","Lippo Karawaci, Tangerang","3","3","1.0","2.00","2.00","https://www.rumah123.com/properti/tangerang-lippo-karawaci/rumah-baru-cendana-parc-3-kamar-lippo-karawaci-hos39737224/","https://picture.rumah123.com/r123-images/720x420-crop/customer/1605826/d097288eff06c4c637ea663e36814c5c.jpg","rumah123"
"106","2025-11-20 08:45:57.696631+00","4350000000","BSD De Park, Tangerang","3","3","1.0","210.00","153.00","https://www.rumah123.com/properti/tangerang-bsd-de-park/dijual-rumah-de-park-bsd-lebar-10-mter-jual-apa-adanya-kondisi-depan-taman-fasum-hos18951253/","https://picture.rumah123.com/r123-images/720x420-crop/customer/28560/e0aa2ae3374f1ab8bdbea925050f6749.jpg","rumah123"
"107","2025-11-20 08:45:57.696631+00","3750000000","BSD Anggrek Loka, Tangerang","2","3",,"200.00","238.00","https://www.rumah123.com/properti/tangerang-bsd-anggrek-loka/for-sale-rumah-sangat-terawat-anggrek-loka-bsd-hos40341316/","https://picture.rumah123.com/r123-images/720x420-crop/customer/28560/5e2b8efca173de0e712f524ddd0d0adc.jpg","rumah123"
"108","2025-11-20 08:45:57.696631+00","1000000000","Cipondoh, Tangerang","2","2","1.0","60.00","4.00","https://www.rumah123.com/properti/tangerang-cipondoh/rumah-di-green-village-uk-4x15-rapi-dan-siap-huni-selatan-hos40068572/","https://picture.rumah123.com/r123-images/720x420-crop/customer/984840/d7e520ce8e68e1fd8984941639a94138.jpg","rumah123"
"109","2025-11-20 08:45:57.696631+00","225000000","Tigaraksa, Tangerang","2","1",,"279.00","70.00","https://www.rumah123.com/properti/tangerang-tigaraksa/rumah-murah-di-daerah-tigaraksa-tangerang-hos39380014/","https://picture.rumah123.com/r123-images/720x420-crop/customer/4361836/b16d7baa9dc32cf2457e1427e84188fe.jpg","rumah123"
"110","2025-11-20 08:45:57.696631+00","86400000","Periuk, Tangerang","2","1",,"60.00","55.00","https://www.rumah123.com/properti/tangerang-periuk/rumah-murah-di-daerah-periuk-tangerang-hos39388204/","https://picture.rumah123.com/r123-images/720x420-crop/customer/4361836/997865bf0f2f214045e48e7c5fd35422.jpg","rumah123"
"111","2025-11-20 08:45:57.696631+00","86200000","Rajeg, Tangerang","2","1",,"220.00","220.00","https://www.rumah123.com/properti/tangerang-rajeg/rumah-murah-di-daerah-rajeg-tangerang-hos39380040/","https://picture.rumah123.com/r123-images/720x420-crop/customer/4361836/faf9f735291ad5405ec7f8137396e3b4.jpg","rumah123"
"112","2025-11-20 08:45:57.696631+00","157000000","Cibodas, Tangerang","2","1",,"90.00","50.00","https://www.rumah123.com/properti/tangerang-cibodas/rumah-murah-di-daerah-cibodas-tangerang-hos39379943/","https://picture.rumah123.com/r123-images/720x420-crop/customer/4361836/f2100e695fb4c324ade87a6919a8bd2b.jpg","rumah123"
"113","2025-11-20 08:45:57.696631+00","600000000","Cisauk, Tangerang","3","2","1.0","120.00","120.00","https://www.rumah123.com/properti/tangerang-cisauk/rumah-di-tigaraksa-bisa-cash-or-over-kredit-siaphuni-shm-hos40454088/","https://picture.rumah123.com/r123-images/720x420-crop/customer/1346820/12815d6d894dbf19599426a40bfa354d.jpg","rumah123"
"114","2025-11-20 08:45:57.696631+00","600000000","Cikupa, Tangerang","3","2","1.0","120.00","120.00","https://www.rumah123.com/properti/tangerang-cikupa/rumah-di-tigaraksa-bisa-cash-bisa-over-kredit-siap-huni-hos40454019/","https://picture.rumah123.com/r123-images/720x420-crop/customer/1346820/12815d6d894dbf19599426a40bfa354d.jpg","rumah123"
"115","2025-11-20 08:45:57.696631+00","700000000","Kunciran, Tangerang","2","1","1.0","76.00","60.00","https://www.rumah123.com/properti/tangerang-kunciran/dijual-cepat-rumah-shm-bisa-kpr-di-duta-bintaro-tangerang-hos40411707/","https://picture.rumah123.com/r123-images/720x420-crop/customer/1307834/5cd051d0247c64c4fa6aa904e74d361f.jpg","rumah123"
"116","2025-11-20 08:45:57.696631+00","1300000000","Tangerang Kota, Tangerang","2","1","1.0","60.00","70.00","https://www.rumah123.com/properti/tangerang-tangerang-kota/rumah-2-lantai-di-tangerang-kondisi-baru-strategis-hanya-5-menit-ke-toll-hos39585525/","https://www.rumah123.com/asset-core/images/official-project.png","rumah123"
"117","2025-11-20 08:45:57.696631+00","3100000000","BSD Vermont, Tangerang","5","3",,"84.00","144.00","https://www.rumah123.com/properti/tangerang-bsd-vermont/rumah-luas-siap-kpr-cash-di-bsd-city-tangerang-5-kamar-3-lantai-area-premium-hos17423199/","https://picture.rumah123.com/r123-images/720x420-crop/customer/2026547/a62b22e644c561fad553d2f31da9a7bf.png","rumah123"
"118","2025-11-20 08:45:57.696631+00","1590000000","Suvarna Sutera, Tangerang","3","3",,"120.00","8.00","https://www.rumah123.com/properti/tangerang-suvarna-sutera/dijual-cepat-rumah-cantik-di-cluster-flavio-suvarna-sutera-tangerang-hos40087787/","https://picture.rumah123.com/r123-images/720x420-crop/customer/2012122/f04685d07a888f7a4342ab2c7315545e.jpg","rumah123"
"119","2025-11-20 08:45:57.696631+00","1300000000","Modernland, Tangerang","2","1","1.0","60.00","70.00","https://www.rumah123.com/properti/tangerang-modernland/rumah-baru-di-kawasan-elit-dan-fasilitas-sekitar-yang-lengkap-di-tangerang-2-lantai-hos39537103/","https://www.rumah123.com/asset-core/images/official-project.png","rumah123"
"120","2025-11-20 08:45:57.696631+00","890000000","Graha Raya, Tangerang","2","1",,"90.00","90.00","https://www.rumah123.com/properti/tangerang-graha-raya/rumah-lt-90-siap-huni-5-menit-ke-gerbang-tol-jelupang-baru-renov-j31991-hos40397582/","https://picture.rumah123.com/r123-images/720x420-crop/customer/1848290/22d298bc6a747e27c08b0ca10e74e6ee.jpg","rumah123"
"121","2025-11-20 08:45:58.595961+00","850000000","Pancoran Mas, Depok","3","3","1.0","70.00","100.00","https://www.rumah123.com/properti/depok-pancoran-mas/rumah-mewah-siap-huni-900-meter-ke-pintu-tol-depok-hos38834011/","https://picture.rumah123.com/r123-images/720x420-crop/customer/1317802/28d4cf0112c62f344d0e845b1abb4162.jpg","rumah123"
"122","2025-11-20 08:45:58.595961+00","985000000","Pancoran Mas, Depok","3","2","1.0","60.00","95.00","https://www.rumah123.com/properti/depok-pancoran-mas/rumah-siap-huni-900-meter-ke-tol-di-depok-hos15675808/","https://picture.rumah123.com/r123-images/720x420-crop/customer/1317802/2023-12-04-22-07-01-22296141-5fcf-4166-b2c4-8ee31537b00d.jpg","rumah123"
"123","2025-11-20 08:45:58.595961+00","1650000000","Pancoran Mas, Depok","5","4","1.0","86.00","158.00","https://www.rumah123.com/properti/depok-pancoran-mas/rumah-siap-huni-4-kamar-tidur-di-mampang-pancoran-mas-depok-hos39198936/","https://picture.rumah123.com/r123-images/720x420-crop/customer/1317802/95f01809a45305ad4a5ad69d34eaae7a.jpg","rumah123"
"124","2025-11-20 08:45:58.595961+00","1050000000","Pancoran Mas, Depok","3","2","1.0","60.00","75.00","https://www.rumah123.com/properti/depok-pancoran-mas/rumah-2-lantai-nyaman-di-perumahan-maharaja-pancoran-mas-depok-hos16645750/","https://picture.rumah123.com/r123-images/720x420-crop/customer/1317802/2024-03-13-10-53-30-534e3d34-d852-43cb-a25b-80050c3758d7.jpg","rumah123"
"125","2025-11-20 08:45:58.595961+00","950000000","Pancoran Mas, Depok","4","2","1.0","80.00","110.00","https://www.rumah123.com/properti/depok-pancoran-mas/rumah-siap-huni-4-kamar-tidur-di-mampang-pancoran-mas-depok-hos38983079/","https://picture.rumah123.com/r123-images/720x420-crop/customer/1317802/b5bd5abddba7a75b9cc8202dd65c532e.jpg","rumah123"
"126","2025-11-20 08:45:58.595961+00","990000000","Cilodong, Depok","3","3","2.0","70.00","80.00","https://www.rumah123.com/properti/depok-cilodong/rmah-nempel-sekolah-al-azhar-gdc-di-cilodong-hos40394585/","https://picture.rumah123.com/r123-images/720x420-crop/customer/1488187/ad0d633547c251bc8ed15577a3c7e7d3.jpg","rumah123"
"127","2025-11-20 08:45:58.595961+00","900000000","Cilodong, Depok","3","3","1.0","70.00","90.00","https://www.rumah123.com/properti/depok-cilodong/rumah-2-lantai-di-grand-depok-city-cilodong-hos40408898/","https://picture.rumah123.com/r123-images/720x420-crop/customer/1488187/fdd1b1ab6bcf4d1db86762d4fadefc01.jpg","rumah123"
"128","2025-11-20 08:45:58.595961+00","1040000000","Pancoran Mas, Depok","3","3","2.0","70.00","90.00","https://www.rumah123.com/properti/depok-pancoran-mas/rumah-selangkah-ke-jalan-juanda-dan-tol-margonda-di-sukmajaya-hos40366364/","https://picture.rumah123.com/r123-images/720x420-crop/customer/1488187/dc6c4339d17a0ac2c0608dbcc4a87efd.jpg","rumah123"
"129","2025-11-20 08:45:58.595961+00","1100000000","Cilodong, Depok","3","2","2.0","91.00","90.00","https://www.rumah123.com/properti/depok-cilodong/rumah-mewah-luxury-tanah-besar-di-cilodong-hos40395871/","https://picture.rumah123.com/r123-images/720x420-crop/customer/1488187/f5f1b9621dff5bf1aa8f90adc5e55845.jpg","rumah123"
"130","2025-11-20 08:45:58.595961+00","995000000","Cilodong, Depok","3","2","1.0","70.00","90.00","https://www.rumah123.com/properti/depok-cilodong/rumah-klasik-luxury-mewah-dekat-stasiun-depok-di-cilodong-hos40422595/","https://picture.rumah123.com/r123-images/720x420-crop/customer/1488187/d83c51d15b800da74c91846fd77278d1.jpg","rumah123"
"131","2025-11-20 08:45:58.595961+00","1200000000","Cilodong, Depok","3","3","2.0","83.00","100.00","https://www.rumah123.com/properti/depok-cilodong/rumah-ekslusif-town-house-dekat-stasiun-depok-di-cilodong-hos40430892/","https://picture.rumah123.com/r123-images/720x420-crop/customer/1488187/4581e9791bfea3aba9e28f568998c0a8.jpg","rumah123"
"132","2025-11-20 08:45:58.595961+00","1100000000","Cilodong, Depok","3","3","2.0","80.00","90.00","https://www.rumah123.com/properti/depok-cilodong/rumah-carport-2-mobil-siap-huni-gdc-di-cilodong-hos40440856/","https://picture.rumah123.com/r123-images/720x420-crop/customer/1488187/a5b03b7ee19e7c702044f0d4234b7fe7.jpg","rumah123"
"133","2025-11-20 08:45:58.595961+00","1420000000","Pancoran Mas, Depok","4","3",,"150.00","200.00","https://www.rumah123.com/properti/depok-pancoran-mas/rumah-luas-siap-huni-10-menit-ke-gerbang-tol-limo-utama-dibantu-kpr-j38074-hos40347408/","https://picture.rumah123.com/r123-images/720x420-crop/customer/1766296/fc13cc2ab84bbca26840a525b482bf38.jpg","rumah123"
"134","2025-11-20 08:45:58.595961+00","810000000","Cilodong, Depok","2","1",,"84.00","84.00","https://www.rumah123.com/properti/depok-cilodong/rumah-miniimalis-5-menit-ke-rsud-depok-timur-1-lantai-dibantu-kpr-j35614-hos40014190/","https://picture.rumah123.com/r123-images/720x420-crop/customer/1766296/5b9461dcb8f3d6787e5f22eb6dc314e3.jpg","rumah123"
"135","2025-11-20 08:45:58.595961+00","510000000","Sawangan, Depok","2","1",,"108.00","108.00","https://www.rumah123.com/properti/depok-sawangan/rumah-strategis-7-menit-ke-terminal-sawangan-lt-108-siap-huni-j22702-hos40246496/","https://picture.rumah123.com/r123-images/720x420-crop/customer/1648106/2e01a9196bc1ed86de0d66bf285a1397.jpg","rumah123"
"136","2025-11-20 08:45:58.595961+00","720000000","Cilodong, Depok","2","1",,"90.00","36.00","https://www.rumah123.com/properti/depok-cilodong/rumah-hadap-selatan-15-menit-ke-cibinong-city-mall-siap-huni-dibantu-kpr-j37765-hos40227596/","https://picture.rumah123.com/r123-images/720x420-crop/customer/1644397/9979966c7adc6e8cedf9a7c7beed87b8.jpg","rumah123"
"137","2025-11-20 08:45:58.595961+00","780000000","Sawangan, Depok","2","1",,"90.00","60.00","https://www.rumah123.com/properti/depok-sawangan/rumah-1-lt-strategis-16-menit-ke-the-park-sawangan-hadap-utara-j38338-hos40331425/","https://picture.rumah123.com/r123-images/720x420-crop/customer/1636628/3540f13e943342434f99dc1b74bffdfa.jpg","rumah123"
"138","2025-11-20 08:45:58.595961+00","590000000","Sawangan, Depok","2","2",,"93.00","43.00","https://www.rumah123.com/properti/depok-sawangan/rumah-hadap-utara-14-menit-ke-depok-town-center-dibantu-kpr-j36259-hos40170331/","https://picture.rumah123.com/r123-images/720x420-crop/customer/1749406/c68e4152f34d862450c406546cf751d0.jpg","rumah123"
"139","2025-11-20 08:45:58.595961+00","780000000","Sawangan, Depok","2","2",,"90.00","60.00","https://www.rumah123.com/properti/depok-sawangan/rumah-strategis-9-menit-ke-the-park-sawangan-shm-dibantu-kpr-j36721-hos40013335/","https://picture.rumah123.com/r123-images/720x420-crop/customer/1945041/3c8fd8adfe410598d971f4f433122ff9.jpg","rumah123"
"140","2025-11-20 08:45:58.595961+00","900000000","Pancoran Mas, Depok","2","1",,"77.00","54.00","https://www.rumah123.com/properti/depok-pancoran-mas/rumah-hadap-selatan-10-menit-ke-gerbang-tol-brigif-shm-dibantu-kpr-j38219-hos40347417/","https://picture.rumah123.com/r123-images/720x420-crop/customer/1945041/7de0ac6f7ae29800cccff4f3a9dab67a.jpg","rumah123"
"141","2025-11-20 08:45:59.481353+00","2200000000","BSD Green Wich, Tangerang","3","3","1.0","66.00","95.00","https://www.rumah123.com/properti/tangerang-bsd-green-wich/jual-rumah-mewah-dan-modern-di-bsd-hunian-tropis-untuk-profesional-keluarga-hos39364972/","https://www.rumah123.com/asset-core/images/official-project.png","rumah123"
"142","2025-11-20 08:45:59.481353+00","900000000","Larangan, Tangerang","2","2","1.0","48.00","64.00","https://www.rumah123.com/properti/tangerang-larangan/rumah-2-lantai-cukup-bayar-5juta-saja-langsung-akad-hos16873619/","https://picture.rumah123.com/r123-images/720x420-crop/customer/43289/2024-04-14-08-00-42-2cc79172-f4b5-42e8-ab2c-82b2822c67ce.jpg","rumah123"
"143","2025-11-20 08:45:59.481353+00","157000000","Cibodas, Tangerang","2","1",,"90.00","50.00","https://www.rumah123.com/properti/tangerang-cibodas/rumah-murah-di-daerah-cibodas-tangerang-hos39379943/","https://picture.rumah123.com/r123-images/720x420-crop/customer/4361836/f2100e695fb4c324ade87a6919a8bd2b.jpg","rumah123"
"144","2025-11-20 08:45:59.481353+00","2380000000","Kelapa Dua, Tangerang","1","1",,"144.00","123.00","https://www.rumah123.com/properti/tangerang-kelapa-dua/rumah-tinggal-phg-cluster-chrysocolla-hos19566495/","https://picture.rumah123.com/r123-images/720x420-crop/customer/2169486/1bdbeb114f89a655e04bbe59f2544df0.jpg","rumah123"
"145","2025-11-20 08:45:59.481353+00","86400000","Periuk, Tangerang","2","1",,"60.00","55.00","https://www.rumah123.com/properti/tangerang-periuk/rumah-murah-di-daerah-periuk-tangerang-hos39388204/","https://picture.rumah123.com/r123-images/720x420-crop/customer/4361836/997865bf0f2f214045e48e7c5fd35422.jpg","rumah123"
"146","2025-11-20 08:45:59.481353+00","3450000000","Cikupa Citra Raya, Tangerang","4","4","2.0","303.00","270.00","https://www.rumah123.com/properti/tangerang-cikupa-citra-raya/dijual-cepat-rumah-mewah-cluster-taman-raya-citra-raya-cikupa-hos40455560/","https://picture.rumah123.com/r123-images/720x420-crop/customer/1892458/f7d40deff112277f4ce7e6a257e9d0b2.jpg","rumah123"
"147","2025-11-20 08:45:59.481353+00","2000000000","BSD The Green, Tangerang","2","3","1.0","50.00","91.00","https://www.rumah123.com/properti/tangerang-bsd-the-green/rumah-kantor-modern-soho-3-lantai-dekat-stasiun-rawa-buntu-hos39370749/","https://www.rumah123.com/asset-core/images/official-project.png","rumah123"
"148","2025-11-20 08:45:59.481353+00","2200000000","BSD Nusaloka, Tangerang","3","3","1.0","66.00","95.00","https://www.rumah123.com/properti/tangerang-bsd-nusaloka/rumah-baru-dekat-mall-di-bsd-tangerang-2-lantai-limited-stock-hos40219976/","https://picture.rumah123.com/r123-images/720x420-crop/customer/2026542/efca65b8f1f889a5642a48ab36c19dc4.jpg","rumah123"
"149","2025-11-20 08:45:59.481353+00","4200000000","Sektor 1E-Gading Serpong, Tangerang","3","4","2.0","1.00","1.00","https://www.rumah123.com/properti/tangerang-sektor-1e-gading-serpong/dijual-rumah-2-lantai-di-sektor-1e-gading-serpong-nrnefa-hos39356842/","https://picture.rumah123.com/r123-images/720x420-crop/customer/2089799/33332783973076b527c2cbb3e6a77a55.jpg","rumah123"
"150","2025-11-20 08:45:59.481353+00","2200000000","BSD Griya Loka, Tangerang","3","3","1.0","66.00","95.00","https://www.rumah123.com/properti/tangerang-bsd-griya-loka/rumah-new-condition-di-bsd-modern-2-lantai-hos40220076/","https://picture.rumah123.com/r123-images/720x420-crop/customer/2026542/efca65b8f1f889a5642a48ab36c19dc4.jpg","rumah123"
"151","2025-11-20 08:45:59.481353+00","1820000000","Poris, Tangerang","3","3","1.0","2.00","2.00","https://www.rumah123.com/properti/tangerang-poris/rumah-25-lantai-semi-furnished-poris-paradise-exclusive-2-hos39159160/","https://picture.rumah123.com/r123-images/720x420-crop/customer/2106896/cf8532a7c8c9a8552e96506f44951bf7.jpg","rumah123"
"152","2025-11-20 08:45:59.481353+00","2200000000","BSD Eminent, Tangerang","3","3","1.0","66.00","95.00","https://www.rumah123.com/properti/tangerang-bsd-puspita-loka/jual-rumah-strategis-2-lantai-di-bsd-nyaman-punya-3-kamar-hos40220157/","https://picture.rumah123.com/r123-images/720x420-crop/customer/2026542/efca65b8f1f889a5642a48ab36c19dc4.jpg","rumah123"
"153","2025-11-20 08:45:59.481353+00","1300000000","Karawaci, Tangerang","2","1","1.0","60.00","70.00","https://www.rumah123.com/properti/tangerang-karawaci/rumah-kondisi-baru-dengan-fasilitas-modern-club-house-di-tangerang-bagus-mewah-hos39585745/","https://www.rumah123.com/asset-core/images/official-project.png","rumah123"
"154","2025-11-20 08:45:59.481353+00","585000000","Panongan, Tangerang","2","1","1.0","0.72","0.72","https://www.rumah123.com/properti/tangerang-panongan/rumah-minimalis-modern-ala-vila-ditangerang-hos40508848/","https://picture.rumah123.com/r123-images/720x420-crop/customer/1721002/1da421865c79916032ea5914956a1ec6.jpg","rumah123"
"155","2025-11-20 08:45:59.481353+00","2900000000","Summarecon Serpong, Tangerang","3","3","1.0","144.00","180.00","https://www.rumah123.com/properti/tangerang-summarecon-serpong/jual-rumah-phg-chrisocola-murah-hos39809278/","https://picture.rumah123.com/r123-images/720x420-crop/customer/2143412/135fe58945861468e4da7fe836c2ed29.jpg","rumah123"
"156","2025-11-20 08:45:59.481353+00","3750000000","BSD Anggrek Loka, Tangerang","2","3",,"200.00","238.00","https://www.rumah123.com/properti/tangerang-bsd-anggrek-loka/for-sale-rumah-sangat-terawat-anggrek-loka-bsd-hos40341316/","https://picture.rumah123.com/r123-images/720x420-crop/customer/28560/5e2b8efca173de0e712f524ddd0d0adc.jpg","rumah123"
"157","2025-11-20 08:45:59.481353+00","3200000000","Metro Permata, Tangerang","3","2","1.0","210.00","170.00","https://www.rumah123.com/properti/tangerang-metro-permata/rumah-bagus-di-metro-permata-1-uk-10x21-semi-furnished-shm-hos40393985/","https://picture.rumah123.com/r123-images/720x420-crop/customer/1491884/3a9f00fe29eb06f5a3fc9b378d586b34.jpg","rumah123"
"158","2025-11-20 08:45:59.481353+00","325000000","Sepatan, Tangerang","2","1",,"72.00","72.00","https://www.rumah123.com/properti/tangerang-sepatan/rumah-di-grand-permata-sepatan-jual-cepat-hos39694523/","https://picture.rumah123.com/r123-images/720x420-crop/customer/2092445/7d6af6ac191280d3bafc54f95e2d0d41.jpg","rumah123"
"159","2025-11-20 08:45:59.481353+00","2000000000","BSD The Savia, Tangerang","3","2","2.0","137.00","137.00","https://www.rumah123.com/properti/tangerang-bsd-the-savia/dijual-rumah-cantik-siap-huni-2-lantai-the-savia-cluster-visana-bsd-tangerang-hos40355310/","https://picture.rumah123.com/r123-images/720x420-crop/customer/4353778/1cf8fedb8ff30857a6e8a3b3b7f3b2cc.jpg","rumah123"
"160","2025-11-20 08:45:59.481353+00","700000000","Kunciran, Tangerang","2","1","1.0","76.00","60.00","https://www.rumah123.com/properti/tangerang-kunciran/dijual-cepat-rumah-shm-bisa-kpr-di-duta-bintaro-tangerang-hos40411707/","https://picture.rumah123.com/r123-images/720x420-crop/customer/1307834/5cd051d0247c64c4fa6aa904e74d361f.jpg","rumah123"
"161","2025-11-20 08:45:59.905737+00","1460000000","Pamulang, Tangerang Selatan","2","1","4.0","367.00","49.00","https://www.rumah123.com/properti/tangerang-selatan-pamulang/rumah-sudut-ngantong-murah-disc-13-dari-6jt-rumah-free-mrt-segera-anti-banjir-rmh-free-hitung-tanah-nego-sampai-deal-hos39899260/","https://picture.rumah123.com/r123-images/720x420-crop/customer/472261/6853d3695d8200b5c534e5ebb74393fa.jpg","rumah123"
"162","2025-11-20 08:45:59.905737+00","2550000000","Bintaro, Tangerang Selatan","4","3","1.0","120.00","240.00","https://www.rumah123.com/properti/tangerang-selatan-bintaro/dijual-cepat-rumah-cantik-minimalis-asri-bangunan-2-lantai-siap-huni-harga-murah-di-sektor-5-bintaro-tangerang-hos40286613/","https://picture.rumah123.com/r123-images/720x420-crop/customer/4396358/3bb6f7c17fa878f51c1119429b4a414c.png","rumah123"
"163","2025-11-20 08:45:59.905737+00","1550000000","Ciputat, Tangerang Selatan","4","3","2.0","104.00","130.00","https://www.rumah123.com/properti/tangerang-selatan-ciputat/rumah-furnished-siap-huni-4-kamar-tidur-akses-dekat-tol-pamulang-hos40308629/","https://picture.rumah123.com/r123-images/720x420-crop/customer/1317816/47d4f639dd45e7191683fdf1f310a6f0.jpg","rumah123"
"164","2025-11-20 08:45:59.905737+00","4550000000","Sektor 9-Bintaro, Tangerang Selatan","4","4","2.0","9.00","285.00","https://www.rumah123.com/properti/tangerang-selatan-sektor-9-bintaro/di-jual-rumah-baru-sedang-renovasi-di-dalam-cluster-one-get-system-ada-kolam-renang-di-bintaro-sektor-9-hos40151187/","https://picture.rumah123.com/r123-images/720x420-crop/customer/2073695/bb96d4d60ae60d91b1514e1ee522a623.jpg","rumah123"
"165","2025-11-20 08:45:59.905737+00","900000000","Graha Raya, Tangerang Selatan","2","1","2.0","60.00","33.00","https://www.rumah123.com/properti/tangerang-selatan-graha-raya/rumah-murah-graha-raya-hos40457560/","https://picture.rumah123.com/r123-images/720x420-crop/customer/31616/d1b0c3223761eceba8a63fda3b718740.jpg","rumah123"
"166","2025-11-20 08:45:59.905737+00","1110000000","Serpong Utara, Tangerang Selatan","2","1",,"90.00","46.00","https://www.rumah123.com/properti/tangerang-selatan-serpong-utara/rumah-siap-huni-15-menit-ke-stasiun-rawa-buntu-lt-90-bebas-banjir-j38389-hos40422463/","https://picture.rumah123.com/r123-images/720x420-crop/customer/1644397/851795dac1d2ec100923d53bbdedafcf.jpg","rumah123"
"167","2025-11-20 08:45:59.905737+00","940000000","Setu, Tangerang Selatan","2","1",,"60.00","32.00","https://www.rumah123.com/properti/tangerang-selatan-setu/rumah-terawat-8-menit-ke-rsu-hermina-serpong-1-lt-dibantu-kpr-j38277-hos40422448/","https://picture.rumah123.com/r123-images/720x420-crop/customer/1636628/2d8412419a7f710daf4395252e89e29d.jpg","rumah123"
"168","2025-11-20 08:45:59.905737+00","2990000000","Ciputat Timur, Tangerang Selatan","4","4",,"96.00","200.00","https://www.rumah123.com/properti/tangerang-selatan-ciputat-timur/rumah-shm-2-lt-siap-kpr-15-menit-ke-bintaro-jaya-xchange-mall-j37706-hos40402220/","https://picture.rumah123.com/r123-images/720x420-crop/customer/1648106/fb60759ee03d58e91b8ca9d2d112e0c2.jpg","rumah123"
"169","2025-11-20 08:45:59.905737+00","4300000000","Sektor 7-Bintaro, Tangerang Selatan","4","4","2.0","205.00","230.00","https://www.rumah123.com/properti/tangerang-selatan-sektor-7-bintaro/rumah-murah-jual-cepat-kamar-4-siap-huni-di-kebayoran-bintaro-hos40461506/","https://picture.rumah123.com/r123-images/720x420-crop/customer/1307834/c6c9de167a3c18ebd706e25d8f350bba.jpg","rumah123"
"170","2025-11-20 08:45:59.905737+00","5500000000","Rempoa, Tangerang Selatan","5","5","1.0","285.00","330.00","https://www.rumah123.com/properti/tangerang-selatan-rempoa/rumah-baru-dalam-komplek-8-menit-dari-pondok-indah-mall-turun-harga-rempoa-ciputat-timur-tangerang-hos40380865/","https://picture.rumah123.com/r123-images/720x420-crop/customer/50775/57f470626caba25208ede1e22f812195.jpg","rumah123"
"171","2025-11-20 08:45:59.905737+00","6000000000","Pondok Ranji, Tangerang Selatan","3","3",,"126.00","126.00","https://www.rumah123.com/properti/tangerang-selatan-pondok-ranji/rumah-terawat-kondisi-semi-furnish-di-di-perumahan-serenia-hills-hos40213739/","https://picture.rumah123.com/r123-images/720x420-crop/customer/4390413/6cdb5966ac42f307552e56cae07f6eab.jpg","rumah123"
"172","2025-11-20 08:45:59.905737+00","1380000000","Serpong Villa Melati Mas, Tangerang Selatan","3","3","1.0","72.00","96.00","https://www.rumah123.com/properti/tangerang-selatan-serpong-villa-melati-mas/rumah-pilihan-keluarga-modern-glass-house-bangunan-besar-4kt-3km-di-serpong-hos40396166/","https://picture.rumah123.com/r123-images/720x420-crop/customer/455724/e94626c4949630ea54fe85de3e633c77.jpg","rumah123"
"173","2025-11-20 08:45:59.905737+00","900000000","Serpong Regency Melati Mas, Tangerang Selatan","2","2",,"72.00","72.00","https://www.rumah123.com/properti/tangerang-selatan-serpong-regency-melati-mas/di-jual-rumah-di-regency-melatimas-lt-72m-hos40376251/","https://picture.rumah123.com/r123-images/720x420-crop/customer/1816677/cb253954f279d68a2aa7652bb5bd0f71.jpg","rumah123"
"174","2025-11-20 08:45:59.905737+00","955000000","Pamulang, Tangerang Selatan","3","2","2.0","66.00","80.00","https://www.rumah123.com/properti/tangerang-selatan-pamulang/rumah-mewah-di-serpong-dekat-tol-krl-harga-perdana-free-biaya2-hos40510656/","https://picture.rumah123.com/r123-images/720x420-crop/customer/4415875/716471d0e3214540e6831795afdae54c.jpg","rumah123"
"175","2025-11-20 08:45:59.905737+00","550000000","Serpong, Tangerang Selatan","3","2","1.0","80.00","70.00","https://www.rumah123.com/properti/tangerang-selatan-serpong/rumah-bagus-3-kamar-villa-tekno-serpong-hos40263560/","https://picture.rumah123.com/r123-images/720x420-crop/customer/1570303/85f2fad1032c52a02bdc7f3361774aa4.jpg","rumah123"
"176","2025-11-20 08:45:59.905737+00","1950000000","Bintaro, Tangerang Selatan","4","2",,"325.00","220.00","https://www.rumah123.com/properti/tangerang-selatan-bintaro/rumah-butuh-minim-renovasi-komplek-pln-ceger-bintaro-hos38928162/","https://picture.rumah123.com/r123-images/720x420-crop/customer/1570303/d0535c55bfdbff233a48b4b030cfbb4a.jpg","rumah123"
"177","2025-11-20 08:45:59.905737+00","1650000000","Pamulang, Tangerang Selatan","4","3","1.0","153.00","220.00","https://www.rumah123.com/properti/tangerang-selatan-pamulang/rumah-siap-huni-2-lt-dekat-unpam-belakang-kopi-nako-pamulang-hos40482728/","https://picture.rumah123.com/r123-images/720x420-crop/customer/4417224/9d19635d9ce3ff2104c13c232664cf85.jpg","rumah123"
"178","2025-11-20 08:45:59.905737+00","1540000000","Bintaro, Tangerang Selatan","3","2","1.0","80.00","70.00","https://www.rumah123.com/properti/tangerang-selatan-bintaro/rumah-siap-huni-2-lantai-semi-furnish-dekat-cbd-bintaro-jaya-shm-hos40341313/","https://picture.rumah123.com/r123-images/720x420-crop/customer/1294138/341c4205601d70cd45ebeda8f0806602.jpg","rumah123"
"179","2025-11-20 08:45:59.905737+00","1550000000","Pamulang, Tangerang Selatan","4","3","2.0","104.00","130.00","https://www.rumah123.com/properti/tangerang-selatan-pamulang/rumah-furnished-siap-huni-akses-dekat-gerbang-tol-pamulang-hos40308768/","https://picture.rumah123.com/r123-images/720x420-crop/customer/1317816/3ca1f53b7741a5493eb492d11ea07461.jpg","rumah123"
"180","2025-11-20 08:45:59.905737+00","1200000000","Ciputat, Tangerang Selatan","3","3","2.0","55.00","65.00","https://www.rumah123.com/properti/tangerang-selatan-ciputat/rumah-minimalis-di-ciputat-selangkah-ke-gerbang-tol-pamulang-hos40451528/","https://picture.rumah123.com/r123-images/720x420-crop/customer/1317816/02ab70d653fdeed186efc69c77385351.jpg","rumah123"
"181","2025-11-20 08:46:00.795722+00","2089999999","Serpong, Tangerang Selatan","3","2",,"140.00","60.00","https://www.rumah123.com/properti/tangerang-selatan-serpong/rumah-siap-kpr-lt-140-shm-15-menit-ke-gerbang-tol-serpong-1-j27268-hos39332060/","https://picture.rumah123.com/r123-images/720x420-crop/customer/1694380/c9022afbd5df825919831a69a05ad4dc.jpg","rumah123"
"182","2025-11-20 08:46:00.795722+00","700000000","Pamulang, Tangerang Selatan","2","1",,"51.00","72.00","https://www.rumah123.com/properti/tangerang-selatan-pamulang/rumah-shm-2-lt-hadap-utara-12-menit-ke-pamulang-square-siap-kpr-j36639-hos39806818/","https://picture.rumah123.com/r123-images/720x420-crop/customer/1694380/d9a6f947665fa82abac937260672b129.jpg","rumah123"
"183","2025-11-20 08:46:00.795722+00","1980000000","Serpong, Tangerang Selatan","3","3",,"112.00","112.00","https://www.rumah123.com/properti/tangerang-selatan-serpong/rumah-lt-112-terawat-7-menit-ke-gerbang-tol-serpong-2-baru-renov-j28207-hos39329074/","https://picture.rumah123.com/r123-images/720x420-crop/customer/1694380/6a3d5a54048475d5da5fbc35af5e86ad.jpg","rumah123"
"184","2025-11-20 08:46:00.795722+00","2560000000","Serpong, Tangerang Selatan","5","4",,"98.00","98.00","https://www.rumah123.com/properti/tangerang-selatan-serpong/rumah-sudah-renov-10-menit-ke-gerbang-tol-serpong-2-siap-huni-j34945-hos39773771/","https://picture.rumah123.com/r123-images/720x420-crop/customer/1766296/a544c6f45efb769c90622a60f0c0111a.jpg","rumah123"
"185","2025-11-20 08:46:00.795722+00","560000000","Bintaro, Tangerang Selatan","3","2",,"42.00","72.00","https://www.rumah123.com/properti/tangerang-selatan-bintaro/rumah-15-menit-ke-transpark-mall-bintaro-dibantu-kpr-j35207-hos40170146/","https://picture.rumah123.com/r123-images/720x420-crop/customer/1636628/bda2fa02d30d044a5c7969ed56b41b15.jpg","rumah123"
"186","2025-11-20 08:46:00.795722+00","2120000000","Serpong, Tangerang Selatan","3","3",,"130.00","130.00","https://www.rumah123.com/properti/tangerang-selatan-serpong/rumah-baru-renov-15-menit-ke-stasiun-serpong-lt-130-siap-huni-j16583-hos39310439/","https://picture.rumah123.com/r123-images/720x420-crop/customer/1636628/84626d22c0d8a69b135a3fbbda03d342.jpg","rumah123"
"187","2025-11-20 08:46:00.795722+00","1770000000","Serpong, Tangerang Selatan","3","2",,"84.00","82.00","https://www.rumah123.com/properti/tangerang-selatan-serpong/rumah-10-menit-ke-gerbang-tol-serpong-2-hadap-selatan-siap-kpr-j36916-hos39868621/","https://picture.rumah123.com/r123-images/720x420-crop/customer/1636628/effb642f4c8fe80281867423e1d54878.jpg","rumah123"
"188","2025-11-20 08:46:00.795722+00","1550000000","Serpong, Tangerang Selatan","4","2",,"119.00","56.00","https://www.rumah123.com/properti/tangerang-selatan-serpong/rumah-4-kt-siap-huni-8-menit-ke-stasiun-rawa-buntu-hadap-timur-j36908-hos39956071/","https://picture.rumah123.com/r123-images/720x420-crop/customer/1694380/85ae81da94c38bac1ff939d04f64b667.jpg","rumah123"
"189","2025-11-20 08:46:00.795722+00","890000000","Bintaro, Tangerang Selatan","3","2",,"148.00","140.00","https://www.rumah123.com/properti/tangerang-selatan-bintaro/rumah-lt-148-shm-siap-kpr-7-menit-ke-cbd-ciledug-family-mall-j24311-hos39954787/","https://picture.rumah123.com/r123-images/720x420-crop/customer/1766297/d523986aff33d7d3a8cb889fa3c9140f.jpg","rumah123"
"190","2025-11-20 08:46:00.795722+00","940000000","Pamulang, Tangerang Selatan","2","1",,"83.00","60.00","https://www.rumah123.com/properti/tangerang-selatan-pamulang/rumah-2-lt-shm-siap-huni-14-menit-ke-living-plaza-pamulang-j35919-hos39823803/","https://picture.rumah123.com/r123-images/720x420-crop/customer/1766296/adf2eeca39f040dbe98c3f4fd6535651.jpg","rumah123"
"191","2025-11-20 08:46:00.795722+00","660000000","Pamulang, Tangerang Selatan","3","1",,"72.00","48.00","https://www.rumah123.com/properti/tangerang-selatan-pamulang/rumah-hadap-timur-dekat-living-plaza-pamulang-dibantu-kpr-j36077-hos40170308/","https://picture.rumah123.com/r123-images/720x420-crop/customer/1644397/cd0b68fe6bee798f8ec8508f57e92c7a.jpg","rumah123"
"192","2025-11-20 08:46:00.795722+00","470000000","Pamulang, Tangerang Selatan","2","1",,"60.00","50.00","https://www.rumah123.com/properti/tangerang-selatan-pamulang/rumah-strategis-seken-15-menit-ke-rsia-vitalaya-1-lt-hadap-selatan-j36454-hos39955920/","https://picture.rumah123.com/r123-images/720x420-crop/customer/1749406/8b00bf893471c5a6803ba6649be949db.jpg","rumah123"
"193","2025-11-20 08:46:00.795722+00","1500000000","Serpong, Tangerang Selatan","3","2",,"98.00","60.00","https://www.rumah123.com/properti/tangerang-selatan-serpong/rumah-7-menit-ke-gerbang-tol-serpong-2-siap-huni-dibantu-kpr-j37058-hos40170327/","https://picture.rumah123.com/r123-images/720x420-crop/customer/1964403/84804100223ef7c0df2fe1c6274ff9bf.jpg","rumah123"
"194","2025-11-20 08:46:00.795722+00","1330000000","Pamulang, Tangerang Selatan","3","2",,"60.00","58.00","https://www.rumah123.com/properti/tangerang-selatan-pamulang/rumah-8-menit-ke-living-plaza-pamulang-siap-huni-dibantu-kpr-j38296-hos40347407/","https://picture.rumah123.com/r123-images/720x420-crop/customer/1648106/9d5d6e8e251f2f6e8343bca9a1eb1664.jpg","rumah123"
"195","2025-11-20 08:46:00.795722+00","2600000000","Serpong, Tangerang Selatan","3","2",,"200.00","150.00","https://www.rumah123.com/properti/tangerang-selatan-serpong/rumah-minimalis-3-kt-10-menit-ke-gerbang-tol-serpong-2-siap-huni-j36102-hos39955885/","https://picture.rumah123.com/r123-images/720x420-crop/customer/1766296/8c1df83fb90003220075896cc18b1d91.jpg","rumah123"
"196","2025-11-20 08:46:00.795722+00","870000000","Pamulang, Tangerang Selatan","2","2",,"90.00","78.00","https://www.rumah123.com/properti/tangerang-selatan-pamulang/rumah-2-lt-shm-hadap-selatan-10-menit-ke-gerbang-tol-pamulang-j37904-hos40227588/","https://picture.rumah123.com/r123-images/720x420-crop/customer/1648106/c6694f8dc70babfd2375fb749fb0aedb.jpg","rumah123"
"197","2025-11-20 08:46:00.795722+00","800000000","Pamulang, Tangerang Selatan","2","1",,"72.00","45.00","https://www.rumah123.com/properti/tangerang-selatan-pamulang/rumah-hadap-selatan-7-menit-ke-living-plaza-pamulang-siap-huni-j37153-hos40274181/","https://picture.rumah123.com/r123-images/720x420-crop/customer/1636628/948da5cf6f615d6caaba373c421fa474.jpg","rumah123"
"198","2025-11-20 08:46:00.795722+00","780000000","Pamulang, Tangerang Selatan","2","1",,"84.00","45.00","https://www.rumah123.com/properti/tangerang-selatan-pamulang/rumah-7-menit-ke-living-plaza-pamulang-shm-hadap-selatan-j38015-hos40347412/","https://picture.rumah123.com/r123-images/720x420-crop/customer/1324008/ff2ee0fb85e33a621b8e108cf8ec478d.jpg","rumah123"
"199","2025-11-20 08:46:00.795722+00","720000000","Pamulang, Tangerang Selatan","3","2",,"90.00","55.00","https://www.rumah123.com/properti/tangerang-selatan-pamulang/rumah-hadap-selatan-15-menit-ke-rsia-buah-hati-pamulang-siap-huni-j38344-hos40347410/","https://picture.rumah123.com/r123-images/720x420-crop/customer/1644395/73cbb899a2113f6a1f3aa12a7c45d7ac.jpg","rumah123"
"200","2025-11-20 08:46:00.795722+00","720000000","Pamulang, Tangerang Selatan","2","1",,"72.00","54.00","https://www.rumah123.com/properti/tangerang-selatan-pamulang/rumah-terawat-di-pamulang-7-menit-ke-rsia-vitalaya-dibantu-kpr-j37891-hos40273369/","https://picture.rumah123.com/r123-images/720x420-crop/customer/1644395/3a3add34deff99022ec4ff08de2ecbc7.jpg","rumah123"
"201","2025-11-20 08:46:01.313715+00","1060000000","Grand Wisata, Bekasi","2","1","1.0","70.00","42.00","https://www.rumah123.com/properti/bekasi-grand-wisata/dijual-hunian-nyaman-eksklusif-dekat-stasiun-dan-tol-hos39654140/","https://www.rumah123.com/asset-core/images/official-project.png","rumah123"
"202","2025-11-20 08:46:01.313715+00","1490000000","Cikarang, Bekasi","2","2","1.0","78.00","82.00","https://www.rumah123.com/properti/bekasi-cikarang/rumah-2-lantai-kondisi-baru-fasilitas-lengkap-ada-clubhouse-mewah-hos39658713/","https://www.rumah123.com/asset-core/images/official-project.png","rumah123"
"203","2025-11-20 08:46:01.313715+00","1500000000","Summarecon Bekasi, Bekasi","3","2","1.0","5.00","5.00","https://www.rumah123.com/properti/bekasi-summarecon-bekasi/dijual-rumah-2-lanta-di-cluster-magenta-residence-summarecon-bekasi-siap-huni-lokasi-strategis-hos39443518/","https://picture.rumah123.com/r123-images/720x420-crop/customer/1495787/68f2ce6b276f33c66379a8a332879fb9.jpg","rumah123"
"204","2025-11-20 08:46:01.313715+00","1400000000","Harapan Indah, Bekasi","3","2","1.0","144.00","105.00","https://www.rumah123.com/properti/bekasi-harapan-indah/rumah-bagus-lingkungan-nyaman-dijual-di-cluster-aralia-harapan-indah-2-hos40524798/","https://picture.rumah123.com/r123-images/720x420-crop/customer/2143732/4983c425e67afdb2b7e835733f5d4edf.jpg","rumah123"
"205","2025-11-20 08:46:01.313715+00","2800000000","Jati Asih, Bekasi","3","3","1.0","120.00","140.00","https://www.rumah123.com/properti/bekasi-jati-asih/jual-rumah-bagus-luas-megah-2-lantai-dekat-akses-tol-hos39894249/","https://www.rumah123.com/asset-core/images/official-project.png","rumah123"
"206","2025-11-20 08:46:01.313715+00","890000000","Jatimulya, Bekasi","3","2","1.0","77.00","59.00","https://www.rumah123.com/properti/bekasi-jatimulya/dijual-cluster-jatimulya-new-building-full-furnished-hos40340565/","https://picture.rumah123.com/r123-images/720x420-crop/customer/1604248/5768063db102405b8942f5d78f0b2d4d.jpg","rumah123"
"207","2025-11-20 08:46:01.313715+00","210000000","Tambun Selatan, Bekasi","2","1",,"100.00","75.00","https://www.rumah123.com/properti/bekasi-tambun-selatan/rumah-murah-di-daerah-tambun-selatan-bekasi-hos39380051/","https://picture.rumah123.com/r123-images/720x420-crop/customer/4361836/c6702fcf09614de034ff9b1b7ea2b987.jpg","rumah123"
"208","2025-11-20 08:46:01.313715+00","1390000000","Jatibening, Bekasi","3","2","1.0","2.00","90.00","https://www.rumah123.com/properti/bekasi-jatibening/rumah-baru-siap-huni-nempel-stasiun-lrt-hos40093670/","https://picture.rumah123.com/r123-images/720x420-crop/customer/1765728/cc8eed06194edcc29bf817b013c1f388.jpg","rumah123"
"209","2025-11-20 08:46:01.313715+00","1390000000","Galaxy, Bekasi","3","2","1.0","2.00","95.00","https://www.rumah123.com/properti/bekasi-galaxy/rumah-baru-selangkah-ke-stasiun-lrt-hos40117729/","https://picture.rumah123.com/r123-images/720x420-crop/customer/1765728/cc8eed06194edcc29bf817b013c1f388.jpg","rumah123"
"210","2025-11-20 08:46:01.313715+00","1100000000","Cibitung, Bekasi","3","3","1.0","64.00","72.00","https://www.rumah123.com/properti/bekasi-cibitung/jual-rumah-baru-2-lantai-di-metland-cibitung-terintegrasi-stasiun-krl-hos39918883/","https://www.rumah123.com/asset-core/images/official-project.png","rumah123"
"211","2025-11-20 08:46:01.313715+00","1100000000","Cikarang Selatan, Bekasi","3","3","1.0","64.00","72.00","https://www.rumah123.com/properti/bekasi-cikarang-selatan/jual-rumah-nyaman-2-lantai-kondisi-baru-dekat-akses-krl-dan-rumah-sakit-hos39931023/","https://www.rumah123.com/asset-core/images/official-project.png","rumah123"
"212","2025-11-20 08:46:01.313715+00","1110000000","Bekasi Utara, Bekasi","3","2",,"90.00","108.00","https://www.rumah123.com/properti/bekasi-bekasi-utara/rumah-cantik-hadap-timur-15-menit-ke-summarecon-mall-bekasi-j37600-hos40164139/","https://picture.rumah123.com/r123-images/720x420-crop/customer/1644395/054a7b15a098ef5890a64491ab65a5af.jpg","rumah123"
"213","2025-11-20 08:46:01.313715+00","1660000000","Tarumajaya, Bekasi","4","3",,"90.00","120.00","https://www.rumah123.com/properti/bekasi-tarumajaya/rumah-shm-2-lt-siap-kpr-10-menit-ke-rs-taman-harapan-baru-j37851-hos40402618/","https://picture.rumah123.com/r123-images/720x420-crop/customer/1749406/94feb3bf0ecde7984db8f77179ba3aa0.jpg","rumah123"
"214","2025-11-20 08:46:01.313715+00","450000000","Babelan, Bekasi","2","1",,"60.00","60.00","https://www.rumah123.com/properti/bekasi-babelan/rumah-15-menit-ke-primaya-hospital-bekasi-utara-hadap-utara-dibantu-kpr-j38110-hos40405499/","https://picture.rumah123.com/r123-images/720x420-crop/customer/1945041/90212890590f931fab0b25a6da88b7b2.jpg","rumah123"
"215","2025-11-20 08:46:01.313715+00","892000000","Bekasi Kota, Bekasi","3","2","2.0","94.00","80.00","https://www.rumah123.com/properti/bekasi-bekasi-kota/rumah-mewah-2lantai-letak-strategis-di-jati-asih-hos18570316/","https://picture.rumah123.com/r123-images/720x420-crop/customer/2075210/12835ec58f49c1b26309c0de962cfc9e.jpg","rumah123"
"216","2025-11-20 08:46:01.313715+00","1100000000","Jababeka, Bekasi","3","3","1.0","64.00","72.00","https://www.rumah123.com/properti/bekasi-jababeka/for-sale-rumah-2-lantai-kondisi-baru-bagus-modern-di-bekasi-hos39927355/","https://www.rumah123.com/asset-core/images/official-project.png","rumah123"
"217","2025-11-20 08:46:01.313715+00","334000000","Setu, Bekasi","1","1",,"72.00","37.00","https://www.rumah123.com/properti/bekasi-setu/rumah-tinggal-harvest-city-cluster-sakura-indica-hos19567215/","https://picture.rumah123.com/r123-images/720x420-crop/customer/2169486/839aa77a5fe6627d6701c2bd38557946.jpg","rumah123"
"218","2025-11-20 08:46:01.313715+00","3250000000","Cikunir, Bekasi","5","4","2.0","234.00","234.00","https://www.rumah123.com/properti/bekasi-cikunir/cluster-mewah-lingkungan-asri-nyaman-lokasi-strategis-dekat-tol-hos40395376/","https://picture.rumah123.com/r123-images/720x420-crop/customer/923844/eb18aad53994bcf7956e36de12a4379e.jpg","rumah123"
"219","2025-11-20 08:46:01.313715+00","198000000","Cabang Bungin, Bekasi","1","1",,"212.00","60.00","https://www.rumah123.com/properti/bekasi-cabang-bungin/rumah-murah-di-daerah-cabang-bungin-bekasi-hos39388242/","https://picture.rumah123.com/r123-images/720x420-crop/customer/4361836/b2ec91f04ea9d5bd34e0f7f866c777dd.png","rumah123"
"220","2025-11-20 08:46:01.313715+00","556000000","Bekasi Barat, Bekasi","1","1",,"112.00","89.00","https://www.rumah123.com/properti/bekasi-bekasi-barat/rumah-tinggal-perumahan-duta-kranji-hos39369043/","https://picture.rumah123.com/r123-images/720x420-crop/customer/2169486/8973db254c95a06674200ec1498a5cdd.jpg","rumah123"
"221","2025-11-20 08:46:02.218047+00","1100000000","Bekasi Timur, Bekasi","3","3","1.0","64.00","72.00","https://www.rumah123.com/properti/bekasi-bekasi-timur/rumah-baru-mewah-2-lantai-terintegrasi-stasiun-krl-bebas-macet-hos39927083/","https://www.rumah123.com/asset-core/images/official-project.png","rumah123"
"222","2025-11-20 08:46:02.218047+00","1150000000","Pondok Gede, Bekasi","3","3","2.0","78.00","96.00","https://www.rumah123.com/properti/bekasi-pondok-gede/5-jt-punya-rumah-10-menit-toll-lrt-jatibening-tidak-banjir-bata-merah-hos39816993/","https://picture.rumah123.com/r123-images/720x420-crop/customer/1310710/4040f05144525e19acb772948cc63709.jpg","rumah123"
"223","2025-11-20 08:46:02.218047+00","895000000","Mustikasari, Bekasi","3","2","2.0","86.00","75.00","https://www.rumah123.com/properti/bekasi-bekasi/rumah-model-scandinavian-siap-huni-hos39567250/","https://www.rumah123.com/asset-core/images/official-project-gray.png","rumah123"
"224","2025-11-20 08:46:02.218047+00","3990000000","Jatiwaringin, Bekasi","4","3","2.0","308.00","300.00","https://www.rumah123.com/properti/bekasi-jatiwaringin/rumah-mewah-hook-kokoh-dlm-perumahan-besar-di-jatiwaringin-bekasi-hos40442651/","https://picture.rumah123.com/r123-images/720x420-crop/customer/2073695/24753f68adb8197daef76de66995937c.jpg","rumah123"
"225","2025-11-20 08:46:02.218047+00","2900000000","Bekasi Selatan, Bekasi","4","3","2.0","305.00","312.00","https://www.rumah123.com/properti/bekasi-bekasi-selatan/100m-ke-jalan-raya-kalimalang-rumah-mewah-kolam-renang-di-galaxy-hos40504877/","https://picture.rumah123.com/r123-images/720x420-crop/customer/1888510/62d13a77e89aea52fdb44950cc520080.jpg","rumah123"
"226","2025-11-20 08:46:02.218047+00","1800000000","Summarecon Crown Gading, Bekasi","3","2","2.0","91.00","80.00","https://www.rumah123.com/properti/bekasi-summarecon-crown-gading/rumah-baru-termurah-7x13m-furnished-plus-4-ac-baru-di-cluster-regia-summarecon-crown-gading-bekasi-hos40155108/","https://picture.rumah123.com/r123-images/720x420-crop/customer/1969358/1b32bc35b105821ec7af0abd43fb5409.jpg","rumah123"
"227","2025-11-20 08:46:02.218047+00","888000000","Jati Rasa, Bekasi","3","2","2.0","88.00","80.00","https://www.rumah123.com/properti/bekasi-jati-rasa/rumah-premium-ready-unit-strategis-bebas-banjir-selangkah-toll-hos14234505/","https://picture.rumah123.com/r123-images/720x420-crop/customer/1349022/d86f83f0d3290fd9d49371898195bd77.jpg","rumah123"
"228","2025-11-20 08:46:02.218047+00","870000000","Jatisampurna, Bekasi","2","1",,"96.00","50.00","https://www.rumah123.com/properti/bekasi-jatisampurna/rumah-shm-hadap-utara-16-menit-ke-rs-mitra-keluarga-cibubur-j37253-hos40401963/","https://picture.rumah123.com/r123-images/720x420-crop/customer/1636628/d083a74dd52086fcac30447d6b30b6a3.jpg","rumah123"
"229","2025-11-20 08:46:02.218047+00","888000000","Komsen, Bekasi","3","2","2.0","86.00","75.00","https://www.rumah123.com/properti/bekasi-jati-asih/rumah-2-lantai-shm-tanah-luas-dekat-toll-jatiasih-bebas-banjir-hos17197301/","https://picture.rumah123.com/r123-images/720x420-crop/customer/1349022/2a5b65db4b6ade48e03c2c423bdedc96.jpg","rumah123"
"230","2025-11-20 08:46:02.218047+00","650000000","Bintara, Bekasi","3","2","1.0","51.00","102.00","https://www.rumah123.com/properti/bekasi-bintara/rumah-2-lantai-5mnit-ke-tol-lrt-cikunir-di-bintara-jaya-bekasi-hos18881693/","https://picture.rumah123.com/r123-images/720x420-crop/customer/2139326/71a88ccedcdda50e1e63de606543800c.jpg","rumah123"
"231","2025-11-20 08:46:02.218047+00","450000000","Tambun Utara, Bekasi","3","2",,"72.00","72.00","https://www.rumah123.com/properti/bekasi-tambun-utara/rumah-bebas-banjir-15-menit-ke-stasiun-tambun-2-lt-dibantu-kpr-j38759-hos40422522/","https://picture.rumah123.com/r123-images/720x420-crop/customer/1636628/368d53b2b7c01774eee1a67429342a52.jpg","rumah123"
"232","2025-11-20 08:46:02.218047+00","6950000000","Jaka Setia, Bekasi","6","4",,"550.00","300.00","https://www.rumah123.com/properti/bekasi-jaka-setia/dijual-rumah-mewah-di-villa-jaka-setia-bekasi-selatan-hos40451535/","https://picture.rumah123.com/r123-images/720x420-crop/customer/1971442/eba0eef7b87bcd7b5c4a5e3ee698de02.jpg","rumah123"
"233","2025-11-20 08:46:02.218047+00","550000000","Pondokmelati, Bekasi","2","1",,"60.00","40.00","https://www.rumah123.com/properti/bekasi-pondokmelati/rumah-terawat-15-menit-ke-mall-di-bekasi-siap-huni-bebas-banjir-j33782-hos39791742/","https://picture.rumah123.com/r123-images/720x420-crop/customer/1964403/d9f1465722c5046f6fae74cb62d6b327.jpg","rumah123"
"234","2025-11-20 08:46:02.218047+00","1400000000","Cibubur, Bekasi","2","1","1.0","90.00","52.00","https://www.rumah123.com/properti/bekasi-cibubur/dijual-rumah-di-citragran-cibubur-cluster-aversa-blok-aa9-hos40075378/","https://picture.rumah123.com/r123-images/720x420-crop/customer/2141683/dd1485149b86b070d7b64388cdac3e73.jpg","rumah123"
"235","2025-11-20 08:46:02.218047+00","1440000000","Medan Satria, Bekasi","3","2",,"66.00","120.00","https://www.rumah123.com/properti/bekasi-medan-satria/rumah-siap-huni-di-bekasi-5-menit-ke-faskes-dan-rs-bebas-banjir-j38413-hos40422465/","https://picture.rumah123.com/r123-images/720x420-crop/customer/1766296/653aac3ead3babf26fe203fd6b15871f.jpg","rumah123"
"236","2025-11-20 08:46:02.218047+00","2990000000","Rawalumbu, Bekasi","4","4",,"216.00","251.00","https://www.rumah123.com/properti/bekasi-rawalumbu/rumah-asri-2-lantai-15-menit-ke-grand-galaxy-park-hadap-timur-j38369-hos40422462/","https://picture.rumah123.com/r123-images/720x420-crop/customer/1694380/830fd726b7749568a1680526078586b8.jpg","rumah123"
"237","2025-11-20 08:46:02.218047+00","850000000","Jatimakmur, Bekasi","2","1","1.0","88.00","60.00","https://www.rumah123.com/properti/bekasi-jatimakmur/rumah-minimalist-dekat-berbagai-fasilitas-di-jatimakmur-bekasi-hos40335822/","https://picture.rumah123.com/r123-images/720x420-crop/customer/923844/7d73ba4b7a1605cb23a655df5289a909.jpg","rumah123"
"238","2025-11-20 08:46:02.218047+00","5000000000","Cikarang Utara, Bekasi","5","3","1.0","980.00","600.00","https://www.rumah123.com/properti/bekasi-cikarang-utara/rumah-modern-klasik-bisa-untuk-kantor-dan-gudang-dipinggir-jalan-besar-dekat-jababeka-rh-hos19148804/","https://picture.rumah123.com/r123-images/720x420-crop/customer/63292/a8b56ebd8d7897a04fd31e4c3bac32c9.jpg","rumah123"
"239","2025-11-20 08:46:02.218047+00","3700000000","Grand Wisata, Bekasi","6","5","1.0","175.00","160.00","https://www.rumah123.com/properti/bekasi-grand-wisata/rumah-mewah-punya-kolam-renangpool-6-kamar-di-cluster-grand-wisata-hos39980368/","https://www.rumah123.com/asset-core/images/official-project.png","rumah123"
"240","2025-11-20 08:46:02.218047+00","690000000","Jati Asih, Bekasi","2","2","1.0","70.00","70.00","https://www.rumah123.com/properti/bekasi-jati-asih/5jt-siap-huni-full-bata-merah-hos19251667/","https://picture.rumah123.com/r123-images/720x420-crop/customer/1765728/b22b1b746cb95431ef0ad6614e206bc4.jpg","rumah123"